ReputationRaceMask[0],ReputationRaceMask[1],ReputationRaceMask[2],ReputationRaceMask[3],Name_lang,Description_lang,ID,ReputationIndex,ParentFactionID,Expansion,FriendshipRepID,Flags,ParagonFactionID,ReputationClassMask[0],ReputationClassMask[1],ReputationClassMask[2],ReputationClassMask[3],ReputationFlags[0],ReputationFlags[1],ReputationFlags[2],ReputationFlags[3],ReputationBase[0],ReputationBase[1],ReputationBase[2],ReputationBase[3],ReputationMax[0],ReputationMax[1],ReputationMax[2],ReputationMax[3],ParentFactionMod[0],ParentFactionMod[1],ParentFactionCap[0],ParentFactionCap[1]
0,0,0,0,"PLAYER, Human",,1,-1,0,0,0,0,0,0,0,0,0,0,0,0,0,0,0,0,0,0,0,0,0,1,1,5,5
0,0,0,0,"PLAYER, Orc",,2,-1,0,0,0,0,0,0,0,0,0,0,0,0,0,0,0,0,0,0,0,0,0,1,1,5,5
0,0,0,0,"PLAYER, Dwarf",,3,-1,0,0,0,0,0,0,0,0,0,0,0,0,0,0,0,0,0,0,0,0,0,1,1,5,5
0,0,0,0,"PLAYER, Night Elf",,4,-1,0,0,0,0,0,0,0,0,0,0,0,0,0,0,0,0,0,0,0,0,0,1,1,5,5
0,0,0,0,"PLAYER, Undead",,5,-1,0,0,0,0,0,0,0,0,0,0,0,0,0,0,0,0,0,0,0,0,0,1,1,5,5
0,0,0,0,"PLAYER, Tauren ",,6,-1,0,0,0,0,0,0,0,0,0,0,0,0,0,0,0,0,0,0,0,0,0,1,1,5,5
0,0,0,0,Creature,,7,-1,0,0,0,0,0,0,0,0,0,0,0,0,0,0,0,0,0,0,0,0,0,1,1,5,5
0,0,0,0,"PLAYER, Gnome",,8,-1,0,0,0,0,0,0,0,0,0,0,0,0,0,0,0,0,0,0,0,0,0,1,1,5,5
0,0,0,0,"PLAYER, Troll",,9,-1,0,0,0,0,0,0,0,0,0,0,0,0,0,0,0,0,0,0,0,0,0,1,1,5,5
0,0,0,0,Monster,,14,-1,0,0,0,0,0,0,0,0,0,0,0,0,0,0,0,0,0,0,0,0,0,1,1,5,5
0,0,0,0,Defias Brotherhood,,15,-1,0,0,0,0,0,0,0,0,0,0,0,0,0,0,0,0,0,0,0,0,0,1,1,5,5
0,0,0,0,Gnoll - Riverpaw,,16,-1,0,0,0,0,0,0,0,0,0,0,0,0,0,0,0,0,0,0,0,0,0,1,1,5,5
0,0,0,0,Gnoll - Redridge,,17,-1,0,0,0,0,0,0,0,0,0,0,0,0,0,0,0,0,0,0,0,0,0,1,1,5,5
0,0,0,0,Gnoll - Shadowhide,,18,-1,0,0,0,0,0,0,0,0,0,0,0,0,0,0,0,0,0,0,0,0,0,1,1,5,5
0,0,0,0,Murloc,,19,-1,0,0,0,0,0,0,0,0,0,0,0,0,0,0,0,0,0,0,0,0,0,1,1,5,5
0,0,0,0,"Undead, Scourge",,20,-1,0,0,0,0,0,0,0,0,0,0,0,0,0,0,0,0,0,0,0,0,0,1,1,5,5
-1,0,0,0,Booty Bay,This booming coastal city is run by Baron Revilgaz of the Blackwater Raiders.  Mortal enemies of the Bloodsail Buccaneers and part of the Steamwheedle Cartel.,21,1,169,0,0,0,0,0,0,0,0,64,0,0,0,500,0,0,0,42000,0,0,0,1,0.5,7,5
0,0,0,0,Beast - Spider,,22,-1,0,0,0,0,0,0,0,0,0,0,0,0,0,0,0,0,0,0,0,0,0,1,1,5,5
0,0,0,0,Beast - Boar,,23,-1,0,0,0,0,0,0,0,0,0,0,0,0,0,0,0,0,0,0,0,0,0,1,1,5,5
0,0,0,0,Worgen,,24,-1,0,0,0,0,0,0,0,0,0,0,0,0,0,0,0,0,0,0,0,0,0,1,1,5,5
0,0,0,0,Kobold,,25,-1,0,0,0,0,0,0,0,0,0,0,0,0,0,0,0,0,0,0,0,0,0,1,1,5,5
0,0,0,0,"Troll, Bloodscalp",,26,-1,0,0,0,0,0,0,0,0,0,0,0,0,0,0,0,0,0,0,0,0,0,1,1,5,5
0,0,0,0,"Troll, Skullsplitter",,27,-1,0,0,0,0,0,0,0,0,0,0,0,0,0,0,0,0,0,0,0,0,0,1,1,5,5
0,0,0,0,Prey,,28,-1,0,0,0,0,0,0,0,0,0,0,0,0,0,0,0,0,0,0,0,0,0,1,1,5,5
0,0,0,0,Beast - Wolf,,29,-1,0,0,0,0,0,0,0,0,0,0,0,0,0,0,0,0,0,0,0,0,0,1,1,5,5
0,0,0,0,Defias Brotherhood Traitor,,30,-1,0,0,0,0,0,0,0,0,0,0,0,0,0,0,0,0,0,0,0,0,0,1,1,5,5
0,0,0,0,Friendly,,31,-1,0,0,0,0,0,0,0,0,0,0,0,0,0,0,0,0,0,0,0,0,0,1,1,5,5
0,0,0,0,Trogg,,32,-1,0,0,0,0,0,0,0,0,0,0,0,0,0,0,0,0,0,0,0,0,0,1,1,5,5
0,0,0,0,"Troll, Frostmane",,33,-1,0,0,0,0,0,0,0,0,0,0,0,0,0,0,0,0,0,0,0,0,0,1,1,5,5
0,0,0,0,"Orc, Blackrock",,34,-1,0,0,0,0,0,0,0,0,0,0,0,0,0,0,0,0,0,0,0,0,0,1,1,5,5
0,0,0,0,Villian,,35,-1,0,0,0,0,0,0,0,0,0,0,0,0,0,0,0,0,0,0,0,0,0,1,1,5,5
0,0,0,0,Victim,,36,-1,0,0,0,0,0,0,0,0,0,0,0,0,0,0,0,0,0,0,0,0,0,1,1,5,5
0,0,0,0,Beast - Bear,,37,-1,0,0,0,0,0,0,0,0,0,0,0,0,0,0,0,0,0,0,0,0,0,1,1,5,5
0,0,0,0,Ogre,,38,-1,0,0,0,0,0,0,0,0,0,0,0,0,0,0,0,0,0,0,0,0,0,1,1,5,5
0,0,0,0,Kurzen's Mercenaries,,39,-1,0,0,0,0,0,0,0,0,0,0,0,0,0,0,0,0,0,0,0,0,0,1,1,5,5
0,0,0,0,Escortee,,40,-1,0,0,0,0,0,0,0,0,0,0,0,0,0,0,0,0,0,0,0,0,0,1,1,5,5
0,0,0,0,Venture Company,,41,-1,0,0,0,0,0,0,0,0,0,0,0,0,0,0,0,0,0,0,0,0,0,1,1,5,5
0,0,0,0,Beast - Raptor,,42,-1,0,0,0,0,0,0,0,0,0,0,0,0,0,0,0,0,0,0,0,0,0,1,1,5,5
0,0,0,0,Basilisk,,43,-1,0,0,0,0,0,0,0,0,0,0,0,0,0,0,0,0,0,0,0,0,0,1,1,5,5
0,0,0,0,"Dragonflight, Green",,44,-1,0,0,0,0,0,0,0,0,0,0,0,0,0,0,0,0,0,0,0,0,0,1,1,5,5
0,0,0,0,Lost Ones,,45,-1,0,0,0,0,0,0,0,0,0,0,0,0,0,0,0,0,0,0,0,0,0,1,1,5,5
-1,0,0,0, Blacksmithing - Armorsmithing,,46,29,0,0,0,0,0,0,0,0,0,4,0,0,0,0,0,0,0,3000,0,0,0,1,1,5,5
2971681865,-6184943489809468494,2052,0,Ironforge,This Alliance capital is the pride of the Dun Morogh dwarves.  Home to King Magni.,47,20,469,0,0,0,0,0,0,0,0,273,6,17,0,3100,-42000,4000,0,42000,-42000,42000,0,1,0.25,4,7
0,0,0,0,Dark Iron Dwarves,,48,-1,0,0,0,0,0,0,0,0,0,0,0,0,0,0,0,0,0,0,0,0,0,1,1,5,5
0,0,0,0,"Human, Night Watch",,49,-1,0,0,0,0,0,0,0,0,0,0,0,0,0,0,0,0,0,0,0,0,0,1,1,5,5
0,0,0,0,"Dragonflight, Red",,50,-1,0,0,0,0,0,0,0,0,0,0,0,0,0,0,0,0,0,0,0,0,0,1,1,5,5
0,0,0,0,Gnoll - Mosshide,,51,-1,0,0,0,0,0,0,0,0,0,0,0,0,0,0,0,0,0,0,0,0,0,1,1,5,5
0,0,0,0,"Orc, Fel Dragonmaw",,52,-1,0,0,0,0,0,0,0,0,0,0,0,0,0,0,0,0,0,0,0,0,0,1,1,5,5
0,0,0,0,Gnome - Leper,,53,-1,0,0,0,0,0,0,0,0,0,0,0,0,0,0,0,0,0,0,0,0,0,1,1,5,5
2971667469,-6184943489809468494,16448,0,Gnomeregan,"The former denizens of Gnomeregan, now living in New Tinkertown and in league with the Alliance.",54,18,469,0,0,0,0,0,0,0,0,273,6,17,0,3100,-42000,4000,0,42000,-42000,42000,0,1,0.25,4,7
0,0,0,0,Leopard,,55,-1,0,0,0,0,0,0,0,0,0,0,0,0,0,0,0,0,0,0,0,0,0,1,1,5,5
0,0,0,0,Scarlet Crusade,,56,-1,0,0,0,0,0,0,0,0,0,0,0,0,0,0,0,0,0,0,0,0,0,1,1,5,5
0,0,0,0,Gnoll - Rothide,,57,-1,0,0,0,0,0,0,0,0,0,0,0,0,0,0,0,0,0,0,0,0,0,1,1,5,5
0,0,0,0,Beast - Gorilla,,58,-1,0,0,0,0,0,0,0,0,0,0,0,0,0,0,0,0,0,0,0,0,0,1,1,5,5
-1,0,0,0,Thorium Brotherhood,The dwarves of the Thorium Brotherhood epitomize excellence in craftsmanship and are bent on unlocking the secrets of Blackrock Mountain.,59,4,1118,0,0,0,0,0,0,0,0,16,0,0,0,0,0,0,0,42000,0,0,0,0,0,5,5
0,0,0,0,Naga,,60,-1,0,0,0,0,0,0,0,0,0,0,0,0,0,0,0,0,0,0,0,0,0,1,1,5,5
0,0,0,0,Dalaran,,61,-1,0,0,0,0,0,0,0,0,0,0,0,0,0,0,0,0,0,0,0,0,0,1,1,5,5
0,0,0,0,Forlorn Spirit,,62,-1,0,0,0,0,0,0,0,0,0,0,0,0,0,0,0,0,0,0,0,0,0,1,1,5,5
0,0,0,0,Darkhowl,,63,-1,0,0,0,0,0,0,0,0,0,0,0,0,0,0,0,0,0,0,0,0,0,1,1,5,5
0,0,0,0,Grell,,64,-1,0,0,0,0,0,0,0,0,0,0,0,0,0,0,0,0,0,0,0,0,0,1,1,5,5
0,0,0,0,Furbolg,,65,-1,0,0,0,0,0,0,0,0,0,0,0,0,0,0,0,0,0,0,0,0,0,1,1,5,5
0,0,0,0,Horde Generic,,66,-1,0,0,0,0,0,0,0,0,0,0,0,0,0,0,0,0,0,0,0,0,0,1,1,5,5
-6184943489809468494,6130900294268439629,0,0,Horde,,67,12,1118,0,0,0,0,0,0,0,0,25,14,0,0,3500,-42000,0,0,42000,-42000,0,0,0,0,5,5
1308635554,6130900294268439629,16,512,Undercity,"Led by Sylvanas Windrunner, the Forsaken have joined a tenuous alliance with the Horde and established this capital in the vast depths under the Ruins of Lordaeron.",68,17,67,0,0,0,0,0,0,0,0,273,6,17,17,500,-42000,4000,3100,42000,-42000,42000,42000,1,0.25,4,7
2971683909,-6184943489809468494,8,0,Darnassus,"This Alliance capital is populated by Night Elves and is located in the Island of Teldrassil.  Ruled by the Priestess of the Moon, Tyrande Whisperwind.",69,21,469,0,0,0,0,0,0,0,0,273,6,17,0,3100,-42000,4000,0,42000,-42000,42000,0,1,0.25,4,7
-1,0,0,0,Syndicate,A primarily human criminal organization that operates mostly out of the Alterac Mountains and Hillsbrad Foothills.,70,6,0,0,0,0,0,0,0,0,0,2,0,0,0,-10000,0,0,0,0,0,0,0,1,1,5,5
0,0,0,0,Hillsbrad Militia,,71,-1,0,0,0,0,0,0,0,0,0,0,0,0,0,0,0,0,0,0,0,0,0,1,1,5,5
824200268,-6184943489809468494,2147483649,0,Stormwind,"One of the last bastions of human power, this Alliance capital is ruled by the young but wise king, Anduin Wrynn.",72,19,469,0,0,0,0,0,0,0,0,273,6,17,0,3100,-42000,4000,0,42000,-42000,42000,0,1,0.25,4,7
0,0,0,0,Demon,,73,-1,0,0,0,0,0,0,0,0,0,0,0,0,0,0,0,0,0,0,0,0,0,1,1,5,5
0,0,0,0,Elemental,,74,-1,0,0,0,0,0,0,0,0,0,0,0,0,0,0,0,0,0,0,0,0,0,1,1,5,5
0,0,0,0,Spirit,,75,-1,0,0,0,0,0,0,0,0,0,0,0,0,0,0,0,0,0,0,0,0,0,1,1,5,5
1308627360,6130900294268439629,8194,528,Orgrimmar,"Founded by Thrall, this Horde capital city is home to many of the proud orc clans of Durotar.",76,14,67,0,0,0,0,0,0,0,0,273,6,17,17,3100,-42000,4000,500,42000,-42000,42000,42000,1,0.25,4,7
0,0,0,0,Treasure,,77,-1,0,0,0,0,0,0,0,0,0,0,0,0,0,0,0,0,0,0,0,0,0,1,1,5,5
0,0,0,0,Gnoll - Mudsnout,,78,-1,0,0,0,0,0,0,0,0,0,0,0,0,0,0,0,0,0,0,0,0,0,1,1,5,5
0,0,0,0,"HIllsbrad, Southshore Mayor",,79,-1,0,0,0,0,0,0,0,0,0,0,0,0,0,0,0,0,0,0,0,0,0,1,1,5,5
0,0,0,0,"Dragonflight, Black",,80,-1,0,0,0,0,0,0,0,0,0,0,0,0,0,0,0,0,0,0,0,0,0,1,1,5,5
1174417794,6130900294268439629,528,134217760,Thunder Bluff,"Baine Bloodhoof leads his people, the proud Tauren, from this mighty Horde capital.",81,16,67,0,0,0,0,0,0,0,0,273,6,17,17,3100,-42000,500,4000,42000,-42000,42000,42000,1,0.25,4,7
0,0,0,0,"Troll, Witherbark",,82,-1,0,0,0,0,0,0,0,0,0,0,0,0,0,0,0,0,0,0,0,0,0,1,1,5,5
-1,0,0,0,Leatherworking - Elemental,,83,23,0,0,0,0,0,0,0,0,0,4,0,0,0,2999,0,0,0,3000,0,0,0,1,1,5,5
0,0,0,0,"Quilboar, Razormane",,84,-1,0,0,0,0,0,0,0,0,0,0,0,0,0,0,0,0,0,0,0,0,0,1,1,5,5
0,0,0,0,"Quilboar, Bristleback",,85,-1,0,0,0,0,0,0,0,0,0,0,0,0,0,0,0,0,0,0,0,0,0,1,1,5,5
-1,0,0,0,Leatherworking - Dragonscale,,86,22,0,0,0,0,0,0,0,0,0,4,0,0,0,2999,0,0,0,3000,0,0,0,1,1,5,5
-1,0,0,0,Bloodsail Buccaneers,These bloodthirsty corsairs are the bane of many a merchant in the high seas.  Sworn enemies of Booty Bay.,87,0,1118,0,0,0,0,0,0,0,0,2,0,0,0,-6500,0,0,0,42000,0,0,0,0,0,5,5
0,0,0,0,Blackfathom,,88,-1,0,0,0,0,0,0,0,0,0,0,0,0,0,0,0,0,0,0,0,0,0,1,1,5,5
0,0,0,0,Makrura,,89,-1,0,0,0,0,0,0,0,0,0,0,0,0,0,0,0,0,0,0,0,0,0,1,1,5,5
0,0,0,0,"Centaur, Kolkar",,90,-1,0,0,0,0,0,0,0,0,0,0,0,0,0,0,0,0,0,0,0,0,0,1,1,5,5
0,0,0,0,"Centaur, Galak",,91,-1,0,0,0,0,0,0,0,0,0,0,0,0,0,0,0,0,0,0,0,0,0,1,1,5,5
-1,0,0,0,Gelkis Clan Centaur,These centaur have made their home in the southern region of Desolace.  Mortal enemies of the Magram Centaur.,92,2,1118,0,0,0,0,0,0,0,0,2,0,0,0,2000,0,0,0,42000,0,0,0,0,0,5,5
-1,0,0,0,Magram Clan Centaur,These centaur have made their home in the eastern region of Desolace.  Mortal enemies of the Gelkis Centaur.,93,3,1118,0,0,0,0,0,0,0,0,2,0,0,0,2000,0,0,0,42000,0,0,0,0,0,5,5
0,0,0,0,Maraudine,,94,-1,0,0,0,0,0,0,0,0,0,0,0,0,0,0,0,0,0,0,0,0,0,1,1,5,5
0,0,0,0,Theramore,,108,-1,0,0,0,0,0,0,0,0,0,0,0,0,0,0,0,0,0,0,0,0,0,1,1,5,5
0,0,0,0,"Quilboar, Razorfen",,109,-1,0,0,0,0,0,0,0,0,0,0,0,0,0,0,0,0,0,0,0,0,0,1,1,5,5
0,0,0,0,"Quilboar, Razormane 2",,110,-1,0,0,0,0,0,0,0,0,0,0,0,0,0,0,0,0,0,0,0,0,0,1,1,5,5
0,0,0,0,"Quilboar, Deathshead",,111,-1,0,0,0,0,0,0,0,0,0,0,0,0,0,0,0,0,0,0,0,0,0,1,1,5,5
0,0,0,0,Enemy,,128,-1,0,0,0,0,0,0,0,0,0,0,0,0,0,0,0,0,0,0,0,0,0,1,1,5,5
0,0,0,0,Ambient,,148,-1,0,0,0,0,0,0,0,0,0,0,0,0,0,0,0,0,0,0,0,0,0,1,1,5,5
0,0,0,0,Nethergarde Caravan,,168,-1,0,0,0,0,0,0,0,0,0,0,0,0,0,0,0,0,0,0,0,0,0,1,1,5,5
-1,0,0,0,Steamwheedle Cartel,,169,10,1118,0,0,0,0,0,0,0,0,12,0,0,0,500,0,0,0,42000,0,0,0,0,0,5,5
0,0,0,0,Alliance Generic,,189,-1,0,0,0,0,0,0,0,0,0,0,0,0,0,0,0,0,0,0,0,0,0,1,1,5,5
0,0,0,0,Nethergarde,,209,-1,0,0,0,0,0,0,0,0,0,0,0,0,0,0,0,0,0,0,0,0,0,1,1,5,5
0,0,0,0,Wailing Caverns,,229,-1,0,0,0,0,0,0,0,0,0,0,0,0,0,0,0,0,0,0,0,0,0,1,1,5,5
0,0,0,0,Silithid,,249,-1,0,0,0,0,0,0,0,0,0,0,0,0,0,0,0,0,0,0,0,0,0,1,1,5,5
0,0,0,0,Silvermoon Remnant,,269,-1,0,0,0,0,0,0,0,0,0,0,0,0,0,0,0,0,0,0,0,0,0,1,1,5,5
-1,0,0,0,Zandalar Tribe,These trolls have come to Yojamba Isle in an effort to recruit help against the resurrected Blood God and his Atal'ai Priests in Zul'Gurub.,270,51,1118,0,0,0,0,0,0,0,0,16,0,0,0,0,0,0,0,42000,0,0,0,0,0,5,5
-1,0,0,0, Blacksmithing - Weaponsmithing,,289,30,0,0,0,0,0,0,0,0,0,4,0,0,0,0,0,0,0,3000,0,0,0,1,1,5,5
0,0,0,0,Scorpid,,309,-1,0,0,0,0,0,0,0,0,0,0,0,0,0,0,0,0,0,0,0,0,0,1,1,5,5
0,0,0,0,Beast - Bat,,310,-1,0,0,0,0,0,0,0,0,0,0,0,0,0,0,0,0,0,0,0,0,0,1,1,5,5
0,0,0,0,Titan,,311,-1,0,0,0,0,0,0,0,0,0,0,0,0,0,0,0,0,0,0,0,0,0,1,1,5,5
0,0,0,0,Taskmaster Fizzule,,329,-1,0,0,0,0,0,0,0,0,0,0,0,0,0,0,0,0,0,0,0,0,0,1,1,5,5
-1,0,0,0,Ravenholdt,This guild of thieves and assassins welcomes only those of extraordinary prowess into its fold.  Sworn rivals of the Syndicate.,349,5,1118,0,0,0,0,0,0,0,0,0,0,0,0,0,0,0,0,42000,0,0,0,0,0,5,5
-1,0,0,0,Gadgetzan,"Capital of the Steamwheedle Cartel and home to goblinhood's finest engineers, alchemists and merchants.",369,7,169,0,0,0,0,0,0,0,0,64,0,0,0,500,0,0,0,42000,0,0,0,1,0.5,7,5
0,0,0,0,Gnomeregan Bug,,389,-1,0,0,0,0,0,0,0,0,0,0,0,0,0,0,0,0,0,0,0,0,0,1,1,5,5
0,0,0,0,Harpy,,409,-1,0,0,0,0,0,0,0,0,0,0,0,0,0,0,0,0,0,0,0,0,0,1,1,5,5
0,0,0,0,Burning Blade,,429,-1,0,0,0,0,0,0,0,0,0,0,0,0,0,0,0,0,0,0,0,0,0,1,1,5,5
0,0,0,0,Shadowsilk Poacher,,449,-1,0,0,0,0,0,0,0,0,0,0,0,0,0,0,0,0,0,0,0,0,0,1,1,5,5
0,0,0,0,Searing Spider,,450,-1,0,0,0,0,0,0,0,0,0,0,0,0,0,0,0,0,0,0,0,0,0,1,1,5,5
6130900294268439629,-6184943489809468494,0,0,Alliance,,469,11,1118,0,0,0,0,0,0,0,0,25,14,0,0,3300,-42000,0,0,42000,-42000,0,0,0,0,5,5
-1,0,0,0,Ratchet,"Part of the Steamwheedle Cartel, this goblin city provides a neutral haven for those that wish to trade goods and services in the Barrens.",470,9,169,0,0,0,0,0,0,0,0,64,0,0,0,500,0,0,0,42000,0,0,0,1,0.5,7,5
0,0,0,0,"Goblin, Dark Iron Bar Patron",,489,-1,0,0,0,0,0,0,0,0,0,0,0,0,0,0,0,0,0,0,0,0,0,1,1,5,5
6130900294268439629,-6184943489809468494,0,0,The League of Arathor,The League of Arathor seeks to reclaim the lost land of Arathi Basin for their benefactors in Stormwind.,509,53,891,0,0,0,0,0,0,0,0,16,2,0,0,0,-42000,0,0,42000,-42000,0,0,0,0,5,5
-6184943489809468494,6130900294268439629,0,0,The Defilers,The Defilers seek to claim Arathi Basin's valuable resources for the Horde.,510,52,892,0,0,0,0,0,0,0,0,16,2,0,0,0,-42000,0,0,42000,-42000,0,0,0,0,5,5
0,0,0,0,Giant,,511,-1,0,0,0,0,0,0,0,0,0,0,0,0,0,0,0,0,0,0,0,0,0,1,1,5,5
-1,0,0,0,Argent Dawn,An organization focused on protecting Azeroth from the threat of the Scourge.  Strongholds of the Argent Dawn can be found in the Eastern and Western Plaguelands.,529,13,1118,0,0,0,0,0,0,0,0,0,0,0,0,200,0,0,0,42000,0,0,0,0,0,5,5
234893602,6130900294268439629,528,1073741952,Darkspear Trolls,"This tribe of exiled trolls has joined forces with Thrall and the Horde.  They now call Durotar their home, which they share with their orc allies.",530,15,67,0,0,0,0,0,0,0,0,273,6,17,17,3100,-42000,500,4000,42000,-42000,42000,42000,1,0.25,4,7
0,0,0,0,"Dragonflight, Bronze",,531,-1,0,0,0,0,0,0,0,0,0,0,0,0,0,0,0,0,0,0,0,0,0,1,1,5,5
0,0,0,0,"Dragonflight, Blue",,532,-1,0,0,0,0,0,0,0,0,0,0,0,0,0,0,0,0,0,0,0,0,0,1,1,5,5
-1,0,0,0,Leatherworking - Tribal,,549,24,0,0,0,0,0,0,0,0,0,4,0,0,0,2999,0,0,0,3000,0,0,0,1,1,5,5
-1,0,0,0,Engineering - Goblin,,550,26,0,0,0,0,0,0,0,0,0,4,0,0,0,2999,0,0,0,3000,0,0,0,1,1,5,5
-1,0,0,0,Engineering - Gnome,,551,25,0,0,0,0,0,0,0,0,0,4,0,0,0,2999,0,0,0,3000,0,0,0,1,1,5,5
-1,0,0,0,Blacksmithing - Hammersmithing,,569,33,0,0,0,0,0,0,0,0,0,4,0,0,0,0,0,0,0,3000,0,0,0,1,1,5,5
-1,0,0,0,Blacksmithing - Axesmithing,,570,31,0,0,0,0,0,0,0,0,0,4,0,0,0,0,0,0,0,3000,0,0,0,1,1,5,5
-1,0,0,0,Blacksmithing - Swordsmithing,,571,32,0,0,0,0,0,0,0,0,0,4,0,0,0,0,0,0,0,3000,0,0,0,1,1,5,5
0,0,0,0,"Troll, Vilebranch",,572,-1,0,0,0,0,0,0,0,0,0,0,0,0,0,0,0,0,0,0,0,0,0,1,1,5,5
0,0,0,0,Southsea Freebooters,,573,-1,0,0,0,0,0,0,0,0,0,0,0,0,0,0,0,0,0,0,0,0,0,1,1,5,5
-1,0,0,0,Caer Darrow,,574,34,0,0,0,0,0,0,0,0,0,4,0,0,0,0,0,0,0,42000,0,0,0,1,1,5,5
0,0,0,0,"Furbolg, Uncorrupted",,575,-1,0,0,0,0,0,0,0,0,0,0,0,0,0,0,0,0,0,0,0,0,0,1,1,5,5
-1,0,0,0,Timbermaw Hold,"As the last uncorrupted furbolg tribe, the Timbermaw seek to preserve their spiritual ways and end the suffering of their brethren.",576,35,1118,0,0,0,0,0,0,0,0,0,0,0,0,-2900,0,0,0,42000,0,0,0,0,0,5,5
-1,0,0,0,Everlook,This trading post is run by the goblins of the Steamwheedle Cartel and it sits in the crossroads of Winterspring's main trade routes.,577,28,169,0,0,0,0,0,0,0,0,64,0,0,0,500,0,0,0,42000,0,0,0,1,0.5,7,5
-6184943489809468494,6130900294268439629,0,0,Wintersaber Trainers,This small group of reclusive night elves raises and trains wintersabers in the Winterspring area.,589,27,0,0,0,0,0,0,0,0,0,6,0,0,0,-42000,0,0,0,-42000,42000,0,0,1,1,5,5
-1,3416260776,0,0,Cenarion Circle,The druids of Cenarion Circle are guardians of nature and make their home in tranquil Moonglade.,609,36,1118,0,0,0,0,3071,1024,0,0,16,16,0,0,0,2000,0,0,42000,42000,0,0,0,0,5,5
0,0,0,0,Shatterspear Trolls,,629,-1,0,0,0,0,0,0,0,0,0,0,0,0,0,0,0,0,0,0,0,0,0,1,1,5,5
0,0,0,0,Ravasaur Trainers,,630,-1,0,0,0,0,0,0,0,0,0,0,0,0,0,0,0,0,0,0,0,0,0,1,1,5,5
0,0,0,0,Majordomo Executus,,649,-1,0,0,0,0,0,0,0,0,0,0,0,0,0,0,0,0,0,0,0,0,0,1,1,5,5
0,0,0,0,Beast - Carrion Bird,,669,-1,0,0,0,0,0,0,0,0,0,0,0,0,0,0,0,0,0,0,0,0,0,1,1,5,5
0,0,0,0,Beast - Cat,,670,-1,0,0,0,0,0,0,0,0,0,0,0,0,0,0,0,0,0,0,0,0,0,1,1,5,5
0,0,0,0,Beast - Crab,,671,-1,0,0,0,0,0,0,0,0,0,0,0,0,0,0,0,0,0,0,0,0,0,1,1,5,5
0,0,0,0,Beast - Crocilisk,,672,-1,0,0,0,0,0,0,0,0,0,0,0,0,0,0,0,0,0,0,0,0,0,1,1,5,5
0,0,0,0,Beast - Hyena,,673,-1,0,0,0,0,0,0,0,0,0,0,0,0,0,0,0,0,0,0,0,0,0,1,1,5,5
0,0,0,0,Beast - Owl,,674,-1,0,0,0,0,0,0,0,0,0,0,0,0,0,0,0,0,0,0,0,0,0,1,1,5,5
0,0,0,0,Beast - Scorpid,,675,-1,0,0,0,0,0,0,0,0,0,0,0,0,0,0,0,0,0,0,0,0,0,1,1,5,5
0,0,0,0,Beast - Tallstrider,,676,-1,0,0,0,0,0,0,0,0,0,0,0,0,0,0,0,0,0,0,0,0,0,1,1,5,5
0,0,0,0,Beast - Turtle,,677,-1,0,0,0,0,0,0,0,0,0,0,0,0,0,0,0,0,0,0,0,0,0,1,1,5,5
0,0,0,0,Beast - Wind Serpent,,678,-1,0,0,0,0,0,0,0,0,0,0,0,0,0,0,0,0,0,0,0,0,0,1,1,5,5
0,0,0,0,Training Dummy,,679,-1,0,0,0,0,0,0,0,0,0,0,0,0,0,0,0,0,0,0,0,0,0,1,1,5,5
0,0,0,0,"Dragonflight, Black - Bait",,689,-1,0,0,0,0,0,0,0,0,0,0,0,0,0,0,0,0,0,0,0,0,0,1,1,5,5
0,0,0,0,Battleground Neutral,,709,-1,0,0,0,0,0,0,0,0,0,0,0,0,0,0,0,0,0,0,0,0,0,1,1,5,5
-6184943489809468494,6130900294268439629,0,0,Frostwolf Clan,The Frostwolf Clan seeks to drive out the dwarves of the Stormpike Expedition from Alterac Valley.,729,41,892,0,0,0,0,0,0,0,0,16,6,0,0,0,-42000,0,0,42000,-42000,0,0,0,0,5,5
6130900294268439629,-6184943489809468494,0,0,Stormpike Guard,"The Stormpike Dwarves have set up residence in Alterac Valley, where they're locked in battle with the Frostwolf Orcs.",730,40,891,0,0,0,0,0,0,0,0,16,6,0,0,0,-42000,0,0,42000,-42000,0,0,0,0,5,5
-1,0,0,0,Hydraxian Waterlords,These elementals have made their home on the islands east of Azshara.  Sworn enemies of the armies of Ragnaros.,749,42,1118,0,0,0,0,0,0,0,0,0,0,0,0,0,0,0,0,42000,0,0,0,0,0,5,5
0,0,0,0,Sulfuron Firelords,,750,-1,0,0,0,0,0,0,0,0,0,0,0,0,0,0,0,0,0,0,0,0,0,1,1,5,5
0,0,0,0,Gizlock's Dummy,,769,-1,0,0,0,0,0,0,0,0,0,0,0,0,0,0,0,0,0,0,0,0,0,1,1,5,5
0,0,0,0,Gizlock's Charm,,770,-1,0,0,0,0,0,0,0,0,0,0,0,0,0,0,0,0,0,0,0,0,0,1,1,5,5
0,0,0,0,Gizlock,,771,-1,0,0,0,0,0,0,0,0,0,0,0,0,0,0,0,0,0,0,0,0,0,1,1,5,5
0,0,0,0,Moro'gai,,789,-1,0,0,0,0,0,0,0,0,0,0,0,0,0,0,0,0,0,0,0,0,0,1,1,5,5
0,0,0,0,Spirit Guide - Alliance,,790,-1,0,0,0,0,0,0,0,0,0,0,0,0,0,0,0,0,0,0,0,0,0,1,1,5,5
-1,0,0,0,Shen'dralar,"A remnant of the once powerful elves living in Dire Maul, yet still wise and knowledgeable about great secrets. ",809,44,1118,0,0,0,0,0,0,0,0,16,0,0,0,0,0,0,0,42000,0,0,0,0,0,5,5
0,0,0,0,Ogre (Captain Kromcrush),,829,-1,0,0,0,0,0,0,0,0,0,0,0,0,0,0,0,0,0,0,0,0,0,1,1,5,5
0,0,0,0,Spirit Guide - Horde,,849,-1,0,0,0,0,0,0,0,0,0,0,0,0,0,0,0,0,0,0,0,0,0,1,1,5,5
0,0,0,0,Jaedenar,,869,-1,0,0,0,0,0,0,0,0,0,0,0,0,0,0,0,0,0,0,0,0,0,1,1,5,5
-6184943489809468494,6130900294268439629,0,0,Warsong Outriders,"Fierce orcs of the Warsong Clan, locked in battle against the Silverwing Sentinels in Warsong Gulch.",889,46,892,0,0,0,0,0,0,0,0,16,6,0,0,0,-42000,0,0,42000,-42000,0,0,0,0,7,7
6130900294268439629,-6184943489809468494,0,0,Silverwing Sentinels,"Staunch defenders of Ashenvale, locked in battle against the Warsong Outriders in Warsong Gulch.",890,45,891,0,0,0,0,0,0,0,0,16,6,0,0,0,-42000,0,0,42000,-42000,0,0,0,0,7,7
6130900294268439629,-6184943489809468494,0,0,Alliance Forces,,891,47,1118,0,0,0,0,0,0,0,0,24,14,0,0,0,-42000,0,0,42000,-42000,0,0,0,0,5,5
-6184943489809468494,6130900294268439629,0,0,Horde Forces,,892,48,1118,0,0,0,0,0,0,0,0,24,14,0,0,0,-42000,0,0,42000,-42000,0,0,0,0,5,5
0,0,0,0,Revantusk Trolls,,893,-1,0,0,0,0,0,0,0,0,0,0,0,0,0,0,0,0,0,0,0,0,0,1,1,5,5
-1,0,0,0,Darkmoon Faire,"A carnival that showcases the weird and the extraordinary, located on a mysterious island only accessible for the first week of every month.",909,50,1118,0,0,0,0,0,0,0,0,16,0,0,0,0,0,0,0,42000,0,0,0,0,0,5,5
-1,0,0,0,Brood of Nozdormu,The descendants of the Bronze Dragonflight are the guardians of time and care little for the mortal races.,910,54,1118,0,0,0,0,0,0,0,0,0,0,0,0,-42000,0,0,0,42000,0,0,0,0,0,5,5
1308635554,6130900294268439629,512,16,Silvermoon City,"The capital of Quel'Thalas, home of the blood elves.  Though nearly destroyed by Arthas' attack on the Sunwell, Silvermoon is once again a thriving city.",911,55,67,0,0,0,0,0,0,0,0,273,6,17,17,400,-42000,4000,3100,42000,-42000,42000,42000,1,0.25,4,7
0,0,0,0,Might of Kalimdor,,912,-1,0,0,0,0,0,0,0,0,0,0,0,0,0,0,0,0,0,0,0,0,0,1,1,5,5
0,0,0,0,"PLAYER, Blood Elf",,914,-1,0,0,0,0,0,0,0,0,0,0,0,0,0,0,0,0,0,0,0,0,0,1,1,5,5
0,0,0,0,Armies of C'Thun,,915,-1,0,0,0,0,0,0,0,0,0,0,0,0,0,0,0,0,0,0,0,0,0,1,1,5,5
0,0,0,0,Silithid Attackers,,916,-1,0,0,0,0,0,0,0,0,0,0,0,0,0,0,0,0,0,0,0,0,0,1,1,5,5
0,0,0,0,The Ironforge Brigade,,917,-1,0,0,0,0,0,0,0,0,0,0,0,0,0,0,0,0,0,0,0,0,0,1,1,5,5
0,0,0,0,RC Enemies,,918,-1,0,0,0,0,0,0,0,0,0,0,0,0,0,0,0,0,0,0,0,0,0,1,1,5,5
0,0,0,0,RC Objects,,919,-1,0,0,0,0,0,0,0,0,0,0,0,0,0,0,0,0,0,0,0,0,0,1,1,5,5
0,0,0,0,Red,,920,-1,0,0,0,0,0,0,0,0,0,0,0,0,0,0,0,0,0,0,0,0,0,1,1,5,5
0,0,0,0,Blue,,921,-1,0,0,0,0,0,0,0,0,0,0,0,0,0,0,0,0,0,0,0,0,0,1,1,5,5
-6184943489809468494,6130900294268439629,0,0,Tranquillien,"Once a high elf town, Tranquillien became abandoned after the Scourge invaded Quel'Thalas.  It has now been reclaimed by the Forsaken and the blood elves who seek to rid the Ghostlands of the Scourge.",922,56,980,0,0,0,0,0,0,0,0,16,6,0,0,0,-42000,0,0,42000,-42000,0,0,0,0,5,5
0,0,0,0,Farstriders,,923,-1,0,0,0,0,0,0,0,0,0,0,0,0,0,0,0,0,0,0,0,0,0,1,1,5,5
0,0,0,0,Sunstriders,,925,-1,0,0,0,0,0,0,0,0,0,0,0,0,0,0,0,0,0,0,0,0,0,1,1,5,5
0,0,0,0,Magister's Guild,,926,-1,0,0,0,0,0,0,0,0,0,0,0,0,0,0,0,0,0,0,0,0,0,1,1,5,5
0,0,0,0,"PLAYER, Draenei",,927,-1,0,0,0,0,0,0,0,0,0,0,0,0,0,0,0,0,0,0,0,0,0,1,1,5,5
0,0,0,0,Scourge Invaders,,928,-1,0,0,0,0,0,0,0,0,0,0,0,0,0,0,0,0,0,0,0,0,0,1,1,5,5
0,0,0,0,Bloodmaul Clan,,929,-1,469,0,0,0,0,0,0,0,0,0,0,0,0,0,0,0,0,0,0,0,0,0,0,3,3
2434811981,-6184943489809468494,536871936,0,Exodar,"The naaru vessel that brought the draenei to Azeroth.  Though stranded in the Azuremyst Isles, it acts as a home city for this noble race.",930,49,469,0,0,0,0,0,0,0,0,273,6,17,0,3100,-42000,4000,0,42000,-42000,42000,0,1,0.25,4,7
3751836159,536871936,512,0,The Aldor,"An ancient order of draenei priests once run by Velen, the Aldor are currently led by High Priestess Ishanah.  They are servants of the naaru in Shattrath City known as the Sha'tar.  Rivals of the Scryers.",932,58,936,0,0,0,0,0,0,0,0,80,80,80,0,0,3500,-3500,0,42000,42000,42000,0,-1.1,1,7,7
-1,0,0,0,The Consortium,"Led by Nexus-Prince Haramad, the Consortium is a loosely affiliated cartel of ethereal smugglers, traders and thieves that has come to Outland to benefit from its riches.",933,60,980,0,0,0,0,0,0,0,0,16,0,0,0,0,0,0,0,42000,0,0,0,0,0,7,7
3751836159,536871936,512,0,The Scryers,"Voren'thal the Seer leads the dissident blood elves who've rejected Kael'thas' path to power.  They've joined forces with the naaru of Shattrath City, much to the dismay of the Aldor.",934,62,936,0,0,0,0,0,0,0,0,80,80,80,0,0,-3500,3500,0,42000,42000,42000,0,-1.1,1,7,7
-1,0,0,0,The Sha'tar,"The Sha'tar are a group of powerful naaru who rule over a rebuilt Shattrath City.  With the help of the Aldor and the Scryers, they lead the battle against Illidan and the Burning Legion.",935,39,936,0,0,0,0,0,0,0,0,16,0,0,0,0,0,0,0,42000,0,0,0,0.5,0,4,3
-1,0,0,0,Shattrath City,,936,59,980,0,0,0,0,0,0,0,0,28,0,0,0,0,0,0,0,42000,0,0,0,0,0,7,7
0,0,0,0,"Troll, Forest",,937,-1,0,0,0,0,0,0,0,0,0,0,0,0,0,0,0,0,0,0,0,0,0,1,1,5,5
0,0,0,0,The Omenai,,938,-1,0,0,0,0,0,0,0,0,0,0,0,0,0,0,0,0,0,0,0,0,0,1,1,5,5
0,0,0,0,The Sons of Lothar,,940,-1,0,0,0,0,0,0,0,0,0,0,0,0,0,0,0,0,0,0,0,0,0,1,1,5,5
-6184943489809468494,6130900294268439629,0,0,The Mag'har,This reclusive group of brown-skinned orcs has escaped any form of demonic corruption.  They have retained their traditional way of life in the face of great changes in Outland.,941,61,980,0,0,0,0,0,0,0,0,16,6,0,0,-500,-42000,0,0,42000,-42000,0,0,0,0,5,5
-1,0,0,0,Cenarion Expedition,An exploratory force sent to Outland by the Cenarion Circle to study surviving life forms.  The Cenarion Expedition has quickly gained in size and autonomy since the opening of the Dark Portal.,942,64,980,0,0,0,0,0,0,0,0,16,0,0,0,0,0,0,0,42000,0,0,0,0,0,5,5
0,0,0,0,Fel Orc,,943,-1,0,0,0,0,0,0,0,0,0,0,0,0,0,0,0,0,0,0,0,0,0,1,1,5,5
0,0,0,0,Fel Orc Ghost,,944,-1,0,0,0,0,0,0,0,0,0,0,0,0,0,0,0,0,0,0,0,0,0,1,1,5,5
0,0,0,0,Sons of Lothar Ghosts,,945,-1,0,0,0,0,0,0,0,0,0,0,0,0,0,0,0,0,0,0,0,0,0,1,1,5,5
6130900294268439629,-6184943489809468494,0,0,Honor Hold,"Vestiges of the Sons of Lothar, veterans of the Alliance that first came into Draenor, have steadfastly held on to this Hellfire outpost.  They are now joined by the armies from Stormwind and Ironforge.",946,38,980,0,0,0,0,0,0,0,0,16,0,0,0,0,-42000,0,0,42000,-42000,0,0,0,0,5,5
-6184943489809468494,6130900294268439629,0,0,Thrallmar,The expedition sent through the Dark Portal by Thrall has built a stronghold in Hellfire Peninsula.  Thrallmar serves as a base of operations for much of the Horde's activities in Outland.,947,37,980,0,0,0,0,0,0,0,0,16,0,0,0,0,-42000,0,0,42000,-42000,0,0,0,0,5,5
58732543,0,0,0,Test Faction 2,,948,86,949,0,0,0,0,0,0,0,0,8,0,0,0,0,0,0,0,42000,0,0,0,1,1,5,5
-1,0,0,0,Test Faction 1,,949,85,0,0,184,0,0,0,0,0,0,24,0,0,0,0,0,0,0,42000,0,0,0,1,1,5,5
0,0,0,0,ToWoW - Flag,,950,-1,0,0,0,0,0,0,0,0,0,0,0,0,0,0,0,0,0,0,0,0,0,1,1,5,5
0,0,0,0,ToWoW - Flag Trigger Alliance (DND),,951,-1,0,0,0,0,0,0,0,0,0,0,0,0,0,0,0,0,0,0,0,0,0,1,1,5,5
-1,0,0,0,Test Faction 3,,952,87,948,0,0,0,0,0,0,0,0,0,0,0,0,0,0,0,0,42000,0,0,0,1,1,5,5
0,0,0,0,ToWoW - Flag Trigger Horde (DND),,954,-1,0,0,0,0,0,0,0,0,0,0,0,0,0,0,0,0,0,0,0,0,0,1,1,5,5
0,0,0,0,Broken,,955,-1,0,0,0,0,0,0,0,0,0,0,0,0,0,0,0,0,0,0,0,0,0,1,1,5,5
0,0,0,0,Ethereum,,956,-1,0,0,0,0,0,0,0,0,0,0,0,0,0,0,0,0,0,0,0,0,0,1,1,5,5
0,0,0,0,Earth Elemental,,957,-1,0,0,0,0,0,0,0,0,0,0,0,0,0,0,0,0,0,0,0,0,0,1,1,5,5
0,0,0,0,Fighting Robots,,958,-1,0,0,0,0,0,0,0,0,0,0,0,0,0,0,0,0,0,0,0,0,0,1,1,5,5
0,0,0,0,Actor Good,,959,-1,0,0,0,0,0,0,0,0,0,0,0,0,0,0,0,0,0,0,0,0,0,1,1,5,5
0,0,0,0,Actor Evil,,960,-1,0,0,0,0,0,0,0,0,0,0,0,0,0,0,0,0,0,0,0,0,0,1,1,5,5
0,0,0,0,Stillpine Furbolg,,961,-1,0,0,0,0,0,0,0,0,0,0,0,0,0,0,0,0,0,0,0,0,0,1,1,5,5
0,0,0,0,Crazed Owlkin,,962,-1,0,0,0,0,0,0,0,0,0,0,0,0,0,0,0,0,0,0,0,0,0,1,1,5,5
0,0,0,0,Chess Alliance,,963,-1,0,0,0,0,0,0,0,0,0,0,0,0,0,0,0,0,0,0,0,0,0,1,1,5,5
0,0,0,0,Chess Horde,,964,-1,0,0,0,0,0,0,0,0,0,0,0,0,0,0,0,0,0,0,0,0,0,1,1,5,5
0,0,0,0,Monster Spar,,965,-1,0,0,0,0,0,0,0,0,0,0,0,0,0,0,0,0,0,0,0,0,0,1,1,5,5
0,0,0,0,Monster Spar Buddy,,966,-1,0,0,0,0,0,0,0,0,0,0,0,0,0,0,0,0,0,0,0,0,0,1,1,5,5
-1,0,0,0,The Violet Eye,A secret sect of the Kirin Tor founded to spy on Medivh and his activities.,967,63,980,0,0,0,0,0,0,0,0,16,0,0,0,0,0,0,0,42000,0,0,0,0,0,5,5
0,0,0,0,Sunhawks,,968,-1,0,0,0,0,0,0,0,0,0,0,0,0,0,0,0,0,0,0,0,0,0,1,1,5,5
0,0,0,0,Hand of Argus,,969,-1,0,0,0,0,0,0,0,0,0,0,0,0,0,0,0,0,0,0,0,0,0,1,1,5,5
-1,0,0,0,Sporeggar,The sporelings are a mostly peaceful race of mushroom-men native to Outland. Their home is located in the southern bogs of Zangarmarsh. ,970,65,980,0,0,0,0,0,0,0,0,0,0,0,0,-2500,0,0,0,42000,0,0,0,0,0,5,5
0,0,0,0,Fungal Giant,,971,-1,0,0,0,0,0,0,0,0,0,0,0,0,0,0,0,0,0,0,0,0,0,1,1,5,5
0,0,0,0,Spore Bat,,972,-1,0,0,0,0,0,0,0,0,0,0,0,0,0,0,0,0,0,0,0,0,0,1,1,5,5
0,0,0,0,"Monster, Predator",,973,-1,0,0,0,0,0,0,0,0,0,0,0,0,0,0,0,0,0,0,0,0,0,1,1,5,5
0,0,0,0,"Monster, Prey",,974,-1,0,0,0,0,0,0,0,0,0,0,0,0,0,0,0,0,0,0,0,0,0,1,1,5,5
0,0,0,0,Void Anomaly,,975,-1,0,0,0,0,0,0,0,0,0,0,0,0,0,0,0,0,0,0,0,0,0,1,1,5,5
0,0,0,0,Hyjal Defenders,,976,-1,0,0,0,0,0,0,0,0,0,0,0,0,0,0,0,0,0,0,0,0,0,1,1,5,5
0,0,0,0,Hyjal Invaders,,977,-1,0,0,0,0,0,0,0,0,0,0,0,0,0,0,0,0,0,0,0,0,0,1,1,5,5
6130900294268439629,-6184943489809468494,0,0,Kurenai,"Draenei for ""redeemed.""  These Broken have escaped the grasp of their various slavers in Outland and have made their home in Nagrand.  It is there that they seek to rediscover their destiny.",978,66,980,0,0,0,0,0,0,0,0,16,0,0,0,-1200,-42000,0,0,42000,-42000,0,0,0,0,5,5
0,0,0,0,"Earthen Ring, Old World",,979,-1,0,0,0,0,0,0,0,0,0,0,0,0,0,0,0,0,0,0,0,0,0,1,1,5,5
-1,0,0,0,The Burning Crusade,,980,43,0,1,0,0,0,0,0,0,0,24,0,0,0,0,0,0,0,0,0,0,0,0,0,5,5
0,0,0,0,Arakkoa,,981,-1,0,0,0,0,0,0,0,0,0,0,0,0,0,0,0,0,0,0,0,0,0,1,1,5,5
0,0,0,0,Zangarmarsh Banner (Alliance),,982,-1,0,0,0,0,0,0,0,0,0,0,0,0,0,0,0,0,0,0,0,0,0,1,1,5,5
0,0,0,0,Zangarmarsh Banner (Horde),,983,-1,0,0,0,0,0,0,0,0,0,0,0,0,0,0,0,0,0,0,0,0,0,1,1,5,5
0,0,0,0,Zangarmarsh Banner (Neutral),,984,-1,0,0,0,0,0,0,0,0,0,0,0,0,0,0,0,0,0,0,0,0,0,1,1,5,5
0,0,0,0,Caverns of Time - Thrall,,985,-1,0,0,0,0,0,0,0,0,0,0,0,0,0,0,0,0,0,0,0,0,0,1,1,5,5
0,0,0,0,Caverns of Time - Durnholde,,986,-1,0,0,0,0,0,0,0,0,0,0,0,0,0,0,0,0,0,0,0,0,0,1,1,5,5
0,0,0,0,Caverns of Time - Southshore Guards,,987,-1,0,0,0,0,0,0,0,0,0,0,0,0,0,0,0,0,0,0,0,0,0,1,1,5,5
0,0,0,0,Shadow Council Covert,,988,-1,0,0,0,0,0,0,0,0,0,0,0,0,0,0,0,0,0,0,0,0,0,1,1,5,5
-1,0,0,0,Keepers of Time,The Keepers of Time are bronze dragons hand-picked by Nozdormu to watch over the Caverns of Time.,989,67,980,0,0,0,0,0,0,0,0,16,0,0,0,0,0,0,0,42000,0,0,0,0,0,5,5
-1,0,0,0,The Scale of the Sands,"A secretive subgroup of the Bronze Dragonflight, led by Soridormi, prime mate of Nozdormu.",990,57,980,0,0,0,0,0,0,0,0,16,0,0,0,0,0,0,0,42000,0,0,0,0,0,5,5
0,0,0,0,"Dark Portal Defender, Alliance",,991,-1,0,0,0,0,0,0,0,0,0,0,0,0,0,0,0,0,0,0,0,0,0,1,1,5,5
0,0,0,0,"Dark Portal Defender, Horde",,992,-1,0,0,0,0,0,0,0,0,0,0,0,0,0,0,0,0,0,0,0,0,0,1,1,5,5
0,0,0,0,"Dark Portal Attacker, Legion",,993,-1,0,0,0,0,0,0,0,0,0,0,0,0,0,0,0,0,0,0,0,0,0,1,1,5,5
0,0,0,0,Inciter Trigger,Used for the Blackheart the Inciter event.,994,-1,0,0,0,0,0,0,0,0,0,0,0,0,0,0,0,0,0,0,0,0,0,1,1,5,5
0,0,0,0,Inciter Trigger 2,Used for the Blackheart the Inciter event.,995,-1,0,0,0,0,0,0,0,0,0,0,0,0,0,0,0,0,0,0,0,0,0,1,1,5,5
0,0,0,0,Inciter Trigger 3,Used for the Blackheart the Inciter event.,996,-1,0,0,0,0,0,0,0,0,0,0,0,0,0,0,0,0,0,0,0,0,0,1,1,5,5
0,0,0,0,Inciter Trigger 4,Used for the Blackheart the Inciter event.,997,-1,0,0,0,0,0,0,0,0,0,0,0,0,0,0,0,0,0,0,0,0,0,1,1,5,5
0,0,0,0,Inciter Trigger 5,Used for the Blackheart the Inciter event.,998,-1,0,0,0,0,0,0,0,0,0,0,0,0,0,0,0,0,0,0,0,0,0,1,1,5,5
0,0,0,0,Mana Creature,,999,-1,0,0,0,0,0,0,0,0,0,0,0,0,0,0,0,0,0,0,0,0,0,1,1,5,5
0,0,0,0,Khadgar's Servant,,1000,-1,0,0,0,0,0,0,0,0,0,0,0,0,0,0,0,0,0,0,0,0,0,1,1,5,5
0,0,0,0,Bladespire Clan,,1001,-1,0,0,0,0,0,0,0,0,0,0,0,0,0,0,0,0,0,0,0,0,0,1,1,5,5
0,0,0,0,Ethereum Sparbuddy,,1002,-1,0,0,0,0,0,0,0,0,0,0,0,0,0,0,0,0,0,0,0,0,0,1,1,5,5
0,0,0,0,Protectorate,,1003,-1,0,0,0,0,0,0,0,0,0,0,0,0,0,0,0,0,0,0,0,0,0,1,1,5,5
0,0,0,0,Arcane Annihilator (DNR),,1004,-1,0,0,0,0,0,0,0,0,0,0,0,0,0,0,0,0,0,0,0,0,0,1,1,5,5
-1,0,0,0,"Friendly, Hidden",,1005,68,0,0,0,0,0,3551,0,0,0,20,0,0,0,3000,0,0,0,30000,0,0,0,1,1,5,5
0,0,0,0,Kirin'Var - Dathric,,1006,-1,0,0,0,0,0,0,0,0,0,0,0,0,0,0,0,0,0,0,0,0,0,1,1,5,5
0,0,0,0,Kirin'Var - Belmara,,1007,-1,0,0,0,0,0,0,0,0,0,0,0,0,0,0,0,0,0,0,0,0,0,1,1,5,5
0,0,0,0,Kirin'Var - Luminrath,,1008,-1,0,0,0,0,0,0,0,0,0,0,0,0,0,0,0,0,0,0,0,0,0,1,1,5,5
0,0,0,0,Kirin'Var - Cohlien,,1009,-1,0,0,0,0,0,0,0,0,0,0,0,0,0,0,0,0,0,0,0,0,0,1,1,5,5
0,0,0,0,Servant of Illidan,,1010,-1,0,0,0,0,0,0,0,0,0,0,0,0,0,0,0,0,0,0,0,0,0,1,1,5,5
-1,0,0,0,Lower City,The refugees of Shattrath come from diverse backgrounds and races.  Word of helpful deeds spreads quickly among the Denizens of Lower City.,1011,69,936,0,0,0,0,4095,0,0,0,16,0,0,0,0,0,0,0,42000,0,0,0,0,0,3,3
-1,0,0,0,Ashtongue Deathsworn,"The elite of the Broken tribe known as the Ashtongue, officially aligned with Illidan. The Deathsworn are Akama's most trusted lieutenants and are privy to their leader's mysterious motivations.",1012,70,980,0,0,0,0,0,0,0,0,16,0,0,0,0,0,0,0,42000,0,0,0,0,0,3,3
0,0,0,0,Spirits of Shadowmoon 1,,1013,-1,0,0,0,0,0,0,0,0,0,0,0,0,0,0,0,0,0,0,0,0,0,1,1,5,5
0,0,0,0,Spirits of Shadowmoon 2,,1014,-1,0,0,0,0,0,0,0,0,0,0,0,0,0,0,0,0,0,0,0,0,0,1,1,5,5
-1,0,0,0,Netherwing,"This unusual brood of dragons was spawned from the eggs of Deathwing's black dragonflight, and infused with raw nether-energies.  Now, they seek to find their identity beyond the shadows of their father's destructive heritage.",1015,71,980,0,0,0,0,4095,0,0,0,2,0,0,0,-42000,0,0,0,42000,0,0,0,0,0,5,5
0,0,0,0,Wyrmcult,,1016,-1,0,0,0,0,0,0,0,0,0,0,0,0,0,0,0,0,0,0,0,0,0,1,1,5,5
0,0,0,0,Treant,,1017,-1,0,0,0,0,0,0,0,0,0,0,0,0,0,0,0,0,0,0,0,0,0,1,1,5,5
0,0,0,0,Leotheras Demon I,,1018,-1,0,0,0,0,0,0,0,0,0,0,0,0,0,0,0,0,0,0,0,0,0,1,1,5,5
0,0,0,0,Leotheras Demon II,,1019,-1,0,0,0,0,0,0,0,0,0,0,0,0,0,0,0,0,0,0,0,0,0,1,1,5,5
0,0,0,0,Leotheras Demon III,,1020,-1,0,0,0,0,0,0,0,0,0,0,0,0,0,0,0,0,0,0,0,0,0,1,1,5,5
0,0,0,0,Leotheras Demon IV,,1021,-1,0,0,0,0,0,0,0,0,0,0,0,0,0,0,0,0,0,0,0,0,0,1,1,5,5
0,0,0,0,Leotheras Demon V,,1022,-1,0,0,0,0,0,0,0,0,0,0,0,0,0,0,0,0,0,0,0,0,0,1,1,5,5
0,0,0,0,Azaloth,,1023,-1,0,0,0,0,0,0,0,0,0,0,0,0,0,0,0,0,0,0,0,0,0,1,1,5,5
0,0,0,0,Rock Flayer,,1024,-1,0,0,0,0,0,0,0,0,0,0,0,0,0,0,0,0,0,0,0,0,0,1,1,5,5
0,0,0,0,Flayer Hunter,,1025,-1,0,0,0,0,0,0,0,0,0,0,0,0,0,0,0,0,0,0,0,0,0,1,1,5,5
0,0,0,0,Shadowmoon Shade,,1026,-1,0,0,0,0,0,0,0,0,0,0,0,0,0,0,0,0,0,0,0,0,0,1,1,5,5
0,0,0,0,Legion Communicator,,1027,-1,0,0,0,0,0,0,0,0,0,0,0,0,0,0,0,0,0,0,0,0,0,1,1,5,5
0,0,0,0,Ravenswood Ancients,,1028,-1,0,0,0,0,0,0,0,0,0,0,0,0,0,0,0,0,0,0,0,0,0,1,1,5,5
0,0,0,0,"Chess, Friendly to All Chess",,1029,-1,0,0,0,0,0,0,0,0,0,0,0,0,0,0,0,0,0,0,0,0,0,1,1,5,5
0,0,0,0,Black Temple Gates - Illidari,,1030,-1,0,0,0,0,0,0,0,0,0,0,0,0,0,0,0,0,0,0,0,0,0,1,1,5,5
-1,0,0,0,Sha'tari Skyguard,An airborne military force created by Shattrath City to deal with the threats that loom in the highest reaches of Outland.,1031,72,936,0,0,0,0,4095,0,0,0,16,0,0,0,0,0,0,0,42000,0,0,0,0,0,5,5
0,0,0,0,Area 52,,1032,-1,0,0,0,0,0,0,0,0,0,0,0,0,0,0,0,0,0,0,0,0,0,1,1,5,5
0,0,0,0,Maiev,,1033,-1,0,0,0,0,0,0,0,0,0,0,0,0,0,0,0,0,0,0,0,0,0,1,1,5,5
0,0,0,0,Skettis Shadowy Arakkoa,,1034,-1,0,0,0,0,0,0,0,0,0,0,0,0,0,0,0,0,0,0,0,0,0,1,1,5,5
0,0,0,0,Skettis Arakkoa,,1035,-1,0,0,0,0,0,0,0,0,0,0,0,0,0,0,0,0,0,0,0,0,0,1,1,5,5
0,0,0,0,Dragonmaw Enemy,,1036,-1,0,0,0,0,0,0,0,0,0,0,0,0,0,0,0,0,0,0,0,0,0,1,1,5,5
6130900294268439629,-6184943489809468494,0,0,Alliance Vanguard,"The combined forces of the Alliance in Northrend, lead by the Valiance Expedition, but also including civilian groups such as the Explorer's League.",1037,88,1097,0,0,0,0,0,0,0,0,136,6,0,0,0,0,0,0,42000,0,0,0,0,0,5,5
-1,0,0,0,Ogri'la,"The enlightened denizens of Ogri'la have made their dwelling in the western Blade's Edge Mountains, where proximity to apexis crystals has caused them to transcend their brutish ogre nature.",1038,73,980,0,0,0,0,0,0,0,0,16,0,0,0,0,0,0,0,42000,0,0,0,0,0,5,5
0,0,0,0,Ravager,,1039,-1,0,0,0,0,0,0,0,0,0,0,0,0,0,0,0,0,0,0,0,0,0,1,1,5,5
0,0,0,0,REUSE,,1040,-1,0,0,0,0,0,0,0,0,0,0,0,0,0,0,0,0,0,0,0,0,0,1,1,5,5
0,0,0,0,Frenzy,,1041,-1,0,0,0,0,0,0,0,0,0,0,0,0,0,0,0,0,0,0,0,0,0,1,1,5,5
0,0,0,0,Skyguard Enemy,,1042,-1,0,0,0,0,0,0,0,0,0,0,0,0,0,0,0,0,0,0,0,0,0,1,1,5,5
0,0,0,0,"Skunk, Petunia",,1043,-1,0,0,0,0,0,0,0,0,0,0,0,0,0,0,0,0,0,0,0,0,0,1,1,5,5
0,0,0,0,Theramore Deserter,,1044,-1,0,0,0,0,0,0,0,0,0,0,0,0,0,0,0,0,0,0,0,0,0,1,1,5,5
0,0,0,0,Vrykul,,1045,-1,0,0,0,0,0,0,0,0,0,0,0,0,0,0,0,0,0,0,0,0,0,1,1,5,5
0,0,0,0,Northsea Pirates,,1046,-1,0,0,0,0,0,0,0,0,0,0,0,0,0,0,0,0,0,0,0,0,0,1,1,5,5
0,0,0,0,Tuskarr,,1047,-1,0,0,0,0,0,0,0,0,0,0,0,0,0,0,0,0,0,0,0,0,0,1,1,5,5
0,0,0,0,UNUSED,,1048,-1,0,0,0,0,0,0,0,0,0,0,0,0,0,0,0,0,0,0,0,0,0,1,1,5,5
0,0,0,0,"Troll, Amani",,1049,-1,0,0,0,0,0,0,0,0,0,0,0,0,0,0,0,0,0,0,0,0,0,1,1,5,5
6130900294268439629,-6184943489809468494,0,0,Valiance Expedition,"The main armies of the Alliance in Northrend, moving against the Scourge and unified under King Varian Wrynn's command.",1050,74,1037,0,0,0,0,0,0,0,0,16,6,0,0,0,-42000,0,0,42000,-42000,0,0,0.5,0.5,7,7
0,0,0,0,UNUSED,,1051,-1,0,0,0,0,0,0,0,0,0,0,0,0,0,0,0,0,0,0,0,0,0,1,1,5,5
-6184943489809468494,6130900294268439629,0,0,Horde Expedition,"The combined forces of the Horde in Northrend, spearheaded by the Warsong Offensive.",1052,75,1097,0,0,0,0,0,0,0,0,152,0,0,0,0,-42000,0,0,42000,-42000,0,0,0,0,5,5
0,0,0,0,Westguard,,1053,-1,0,0,0,0,0,0,0,0,0,0,0,0,0,0,0,0,0,0,0,0,0,1,1,5,5
0,0,0,0,Spotted Gryphon,,1054,-1,0,0,0,0,0,0,0,0,0,0,0,0,0,0,0,0,0,0,0,0,0,1,1,5,5
0,0,0,0,Tamed Plaguehound,,1055,-1,0,0,0,0,0,0,0,0,0,0,0,0,0,0,0,0,0,0,0,0,0,1,1,5,5
0,0,0,0,Vrykul (Ancient Spirit 1),,1056,-1,0,0,0,0,0,0,0,0,0,0,0,0,0,0,0,0,0,0,0,0,0,1,1,5,5
0,0,0,0,Vrykul (Ancient Siprit 2),,1057,-1,0,0,0,0,0,0,0,0,0,0,0,0,0,0,0,0,0,0,0,0,0,1,1,5,5
0,0,0,0,Vrykul (Ancient Siprit 3),,1058,-1,0,0,0,0,0,0,0,0,0,0,0,0,0,0,0,0,0,0,0,0,0,1,1,5,5
0,0,0,0,CTF - Flag - Alliance,,1059,-1,0,0,0,0,0,0,0,0,0,0,0,0,0,0,0,0,0,0,0,0,0,1,1,5,5
0,0,0,0,Test,,1060,-1,0,0,0,0,0,0,0,0,0,0,0,0,0,0,0,0,0,0,0,0,0,1,1,5,5
0,0,0,0,vrykul,,1061,-1,0,0,0,0,0,0,0,0,0,0,0,0,0,0,0,0,0,0,0,0,0,1,1,5,5
0,0,0,0,Vrykul Gladiator,,1062,-1,0,0,0,0,0,0,0,0,0,0,0,0,0,0,0,0,0,0,0,0,0,1,1,5,5
0,0,0,0,Valgarde Combatant,,1063,-1,0,0,0,0,0,0,0,0,0,0,0,0,0,0,0,0,0,0,0,0,0,1,1,5,5
-6184943489809468494,6130900294268439629,0,0,The Taunka,These hardy people are cousins of the Tauren and have become valuable scouts for the armies of the Horde as they march northward.,1064,76,1052,0,0,0,0,0,0,0,0,16,6,0,0,0,-42000,0,0,42000,-42000,0,0,0.5,0.5,7,7
0,0,0,0,"Monster, Zone Force Reaction 1",,1065,-1,0,0,0,0,0,0,0,0,0,0,0,0,0,0,0,0,0,0,0,0,0,1,1,5,5
0,0,0,0,"Monster, Zone Force Reaction 2",,1066,-1,0,0,0,0,0,0,0,0,0,0,0,0,0,0,0,0,0,0,0,0,0,1,1,5,5
-6184943489809468494,6130900294268439629,0,0,The Hand of Vengeance,The Forsaken tasked by Sylvanas Windrunner with enacting Undercity's vengeance against Arthas by delivering the latest strain of their deadly Plague.,1067,77,1052,0,0,0,0,0,0,0,0,16,0,0,0,0,-42000,0,0,42000,-42000,0,0,0.5,0.5,7,7
6130900294268439629,-6184943489809468494,0,0,Explorers' League,This organization seeks to find the origin of the dwarven race by collecting Titan artifacts.  Their most recent research has led them to various archeological sites in Northrend.,1068,78,1037,0,0,0,0,0,0,0,0,16,6,0,0,0,-42000,0,0,42000,-42000,0,0,0.5,0.5,7,7
0,0,0,0,Ram Racing Powerup DND,,1069,-1,0,0,0,0,0,0,0,0,0,0,0,0,0,0,0,0,0,0,0,0,0,1,1,5,5
0,0,0,0,Ram Racing Trap DND,,1070,-1,0,0,0,0,0,0,0,0,0,0,0,0,0,0,0,0,0,0,0,0,0,1,1,5,5
0,0,0,0,Craig's Squirrels,A test faction.,1071,-1,0,0,0,0,0,0,0,0,0,0,0,0,0,0,0,0,0,0,0,0,0,1,1,5,5
0,0,0,0,REUSE,,1072,-1,0,0,0,0,0,0,0,0,0,0,0,0,0,0,0,0,0,0,0,0,0,1,1,5,5
-1,0,0,0,The Kalu'ak,The tuskarr are a tough but peaceful people who derive their livelihood from fishing and whaling.  Their settlements have recently come under fierce attack and welcome any allies who would come to their aid.,1073,79,1097,0,0,0,0,0,0,0,0,16,0,0,0,0,0,0,0,42000,0,0,0,0,0,5,5
0,0,0,0,Holiday - Water Barrel,,1074,-1,0,0,0,0,0,0,0,0,0,0,0,0,0,0,0,0,0,0,0,0,0,1,1,5,5
0,0,0,0,Holiday - Generic,,1075,-1,0,0,0,0,0,0,0,0,0,0,0,0,0,0,0,0,0,0,0,0,0,1,1,5,5
0,0,0,0,Iron Dwarves,,1076,-1,0,0,0,0,0,0,0,0,0,0,0,0,0,0,0,0,0,0,0,0,0,1,1,5,5
-1,0,0,0,Shattered Sun Offensive,Shattrath City's final push against Prince Kael'thas' operations in the Sunwell.,1077,80,936,0,0,0,0,0,0,0,0,16,0,0,0,0,0,0,0,42000,0,0,0,0,0,5,5
0,0,0,0,Fighting Vanity Pet,,1078,-1,0,0,0,0,0,0,0,0,0,0,0,0,0,0,0,0,0,0,0,0,0,1,1,5,5
0,0,0,0,"Murloc, Winterfin",,1079,-1,0,0,0,0,0,0,0,0,0,0,0,0,0,0,0,0,0,0,0,0,0,1,1,5,5
0,0,0,0,"Friendly, Force Reaction 1",,1080,-1,0,0,0,0,0,0,0,0,0,0,0,0,0,0,0,0,0,0,0,0,0,1,1,5,5
0,0,0,0,"Object, Force Reaction",,1081,-1,0,0,0,0,0,0,0,0,0,0,0,0,0,0,0,0,0,0,0,0,0,1,1,5,5
0,0,0,0,REUSE,,1083,-1,0,0,0,0,0,0,0,0,0,0,0,0,0,0,0,0,0,0,0,0,0,1,1,5,5
0,0,0,0,"Vrykul, Sea",,1084,-1,0,0,0,0,0,0,0,0,0,0,0,0,0,0,0,0,0,0,0,0,0,1,1,5,5
6130900294268439629,-6184943489809468494,0,0,Warsong Offensive,Garrosh Hellscream commands the Horde's main expeditionary forces as they make their way into Northrend to face Arthas and the armies of the Scourge.,1085,81,1052,0,0,0,0,0,0,0,0,6,16,0,0,-42000,0,0,0,-42000,42000,0,0,0.5,0.5,7,7
0,0,0,0,Poacher,,1086,-1,0,0,0,0,0,0,0,0,0,0,0,0,0,0,0,0,0,0,0,0,0,1,1,5,5
0,0,0,0,Holiday Monster,,1087,-1,0,0,0,0,0,0,0,0,0,0,0,0,0,0,0,0,0,0,0,0,0,1,1,5,5
0,0,0,0,"Furbolg, Redfang",,1088,-1,0,0,0,0,0,0,0,0,0,0,0,0,0,0,0,0,0,0,0,0,0,1,1,5,5
0,0,0,0,"Furbolg, Frostpaw",,1089,-1,0,0,0,0,0,0,0,0,0,0,0,0,0,0,0,0,0,0,0,0,0,1,1,5,5
6130900294268439629,-6184943489809468494,6130900294268439629,-6184943489809468494,Kirin Tor,"The mages and archmages running the city of Dalaran.  Faced with the rising threats of the Blue Dragonflight and the Scourge, they've transported their city to the heart of Northrend.",1090,84,1097,0,0,0,0,3967,3967,128,128,16,16,16,16,0,0,3000,3000,42000,42000,42000,42000,0,0,5,5
-1,0,0,0,The Wyrmrest Accord,"With the Blue Dragonflight's violent upheaval against all mortal users of magic, the remaining dragonflights have banded under the leadership of the Red Dragonflight to combat their wayward kin.",1091,83,1097,0,0,0,0,0,0,0,0,16,0,0,0,0,0,0,0,42000,0,0,0,0,0,5,5
0,0,0,0,Azjol-Nerub,,1092,-1,0,0,0,0,0,0,0,0,0,0,0,0,0,0,0,0,0,0,0,0,0,1,1,5,5
0,0,0,0,REUSE,,1093,-1,0,0,0,0,0,0,0,0,0,0,0,0,0,0,0,0,0,0,0,0,0,1,1,5,5
6130900294268439629,-6184943489809468494,0,0,The Silver Covenant,A militant core of high elves that rejects the admission of blood elves into the Kirin Tor.  They've united under the banner of Vereesa Windrunner and joined the Alliance forces in Northrend.,1094,90,1037,0,0,0,0,0,0,0,0,16,6,0,0,0,-42000,0,0,42000,-42000,0,0,0.5,0.5,7,7
0,0,0,0,Grizzly Hills Trapper,,1095,-1,0,0,0,0,0,0,0,0,0,0,0,0,0,0,0,0,0,0,0,0,0,1,1,5,5
0,0,0,0,REUSE,,1096,-1,0,0,0,0,0,0,0,0,0,0,0,0,0,0,0,0,0,0,0,0,0,1,1,5,5
-1,0,0,0,Wrath of the Lich King,,1097,89,0,2,0,0,0,0,0,0,0,12,0,0,0,0,0,0,0,0,0,0,0,0,0,5,5
0,0,0,0,Knights of the Ebon Blade,"Freed from the grasp of the Lich King, his former Death Knights have regrouped against him under the banner of Highlord Darion Mograine.",1098,91,1097,0,0,0,0,32,4063,0,0,16,16,0,0,3200,0,0,0,42000,42000,0,0,1,1,5,5
0,0,0,0,Wrathgate Scourge,,1099,-1,0,0,0,0,0,0,0,0,0,0,0,0,0,0,0,0,0,0,0,0,0,1,1,5,5
0,0,0,0,Wrathgate Alliance,,1100,-1,0,0,0,0,0,0,0,0,0,0,0,0,0,0,0,0,0,0,0,0,0,1,1,5,5
0,0,0,0,Wrathgate Horde,,1101,-1,0,0,0,0,0,0,0,0,0,0,0,0,0,0,0,0,0,0,0,0,0,1,1,5,5
0,0,0,0,CTF - Flag - Horde,,1102,-1,0,0,0,0,0,0,0,0,0,0,0,0,0,0,0,0,0,0,0,0,0,1,1,5,5
0,0,0,0,CTF - Flag - Neutral,,1103,-1,0,0,0,0,0,0,0,0,0,0,0,0,0,0,0,0,0,0,0,0,0,1,1,5,5
-1,0,0,0,Frenzyheart Tribe,"Driven from their lands by the Scourge, this fierce tribe of wolvar stumbled upon Sholazar Basin, where they intend to make their new home.  Their aggressive nature has put them at odds with the various gorloc tribes known collectively as the Oracles.",1104,92,1117,0,0,0,0,0,0,0,0,16,0,0,0,0,0,0,0,42000,0,0,0,-2.2,1,7,7
-1,0,0,0,The Oracles,The gorlocs of Sholazar Basin are a race of reptilian creatures who see themselves as guardians of the titan technology that remains in the zone (though they understand little of it).  They find themselves in an escalating territorial war with the wolvar.,1105,93,1117,0,0,0,0,0,0,0,0,16,0,0,0,0,0,0,0,42000,0,0,0,-2.2,1,7,7
-1,0,0,0,Argent Crusade,"Led by Tirion Fordring, the Argent Crusade combines the reformed Order of the Silver Hand with the Argent Dawn in one final push against the forces of the Lich King.",1106,94,1097,0,0,0,0,0,0,0,0,16,0,0,0,0,0,0,0,42000,0,0,0,0,0,5,5
0,0,0,0,"Troll, Drakkari",,1107,-1,0,0,0,0,0,0,0,0,0,0,0,0,0,0,0,0,0,0,0,0,0,1,1,5,5
0,0,0,0,CoT Arthas,,1108,-1,0,0,0,0,0,0,0,0,0,0,0,0,0,0,0,0,0,0,0,0,0,1,1,5,5
0,0,0,0,CoT Stratholme Citizen,,1109,-1,0,0,0,0,0,0,0,0,0,0,0,0,0,0,0,0,0,0,0,0,0,1,1,5,5
0,0,0,0,CoT Scourge,,1110,-1,0,0,0,0,0,0,0,0,0,0,0,0,0,0,0,0,0,0,0,0,0,1,1,5,5
0,0,0,0,Freya,,1111,-1,0,0,0,0,0,0,0,0,0,0,0,0,0,0,0,0,0,0,0,0,0,1,1,5,5
0,0,0,0,Mount - Taxi - Alliance,,1112,-1,0,0,0,0,0,0,0,0,0,0,0,0,0,0,0,0,0,0,0,0,0,1,1,5,5
0,0,0,0,Mount - Taxi - Horde,,1113,-1,0,0,0,0,0,0,0,0,0,0,0,0,0,0,0,0,0,0,0,0,0,1,1,5,5
0,0,0,0,Mount - Taxi - Neutral,,1114,-1,0,0,0,0,0,0,0,0,0,0,0,0,0,0,0,0,0,0,0,0,0,1,1,5,5
0,0,0,0,"Elemental, Water",,1115,-1,0,0,0,0,0,0,0,0,0,0,0,0,0,0,0,0,0,0,0,0,0,1,1,5,5
0,0,0,0,"Elemental, Air",,1116,-1,0,0,0,0,0,0,0,0,0,0,0,0,0,0,0,0,0,0,0,0,0,1,1,5,5
-1,0,0,0,Sholazar Basin,,1117,95,1097,0,0,0,0,0,0,0,0,12,0,0,0,0,0,0,0,42000,0,0,0,0,0,5,5
-1,0,0,0,Classic,,1118,96,0,0,0,0,0,0,0,0,0,12,0,0,0,0,0,0,0,0,0,0,0,0,0,5,5
-1,0,0,0,The Sons of Hodir,The frost giants of the Storm Peaks are a war-like race that makes their home in Dun Niffelem.,1119,97,1097,0,0,0,0,0,0,0,0,0,0,0,0,-42000,0,0,0,42000,0,0,0,0,0,5,5
0,0,0,0,Iron Giants,,1120,-1,0,0,0,0,0,0,0,0,0,0,0,0,0,0,0,0,0,0,0,0,0,1,1,5,5
0,0,0,0,Frost Vrykul,,1121,-1,0,0,0,0,0,0,0,0,0,0,0,0,0,0,0,0,0,0,0,0,0,1,1,5,5
0,0,0,0,Earthen,,1122,-1,0,0,0,0,0,0,0,0,0,0,0,0,0,0,0,0,0,0,0,0,0,1,1,5,5
0,0,0,0,Monster Referee,,1123,-1,0,0,0,0,0,0,0,0,0,0,0,0,0,0,0,0,0,0,0,0,0,1,1,5,5
-6184943489809468494,6130900294268439629,0,0,The Sunreavers,"Traditionally barred from Dalaran, the Horde has been accepted into the city through the efforts of Archmage Aethas Sunreaver.  His followers have taken up his name and watch over the ward known as Sunreaver's Sanctuary.",1124,98,1052,0,0,0,0,0,0,0,0,16,6,0,0,0,-42000,0,0,42000,-42000,0,0,0.5,0.5,7,7
0,0,0,0,Hyldsmeet,,1125,-1,0,0,0,0,0,0,0,0,0,0,0,0,0,0,0,0,0,0,0,0,0,1,1,5,5
6130900294268439629,-6184943489809468494,0,0,The Frostborn,This mysterious race of frost dwarves makes their home in the Storm Peaks.  They've recently befriended members of the Explorers' League and welcome Alliance members within their settlements.,1126,99,1037,0,0,0,0,0,0,0,0,16,0,0,0,0,-42000,0,0,42000,-42000,0,0,0.5,0.5,7,7
0,0,0,0,Twilight's Hammer,,1128,-1,0,0,0,0,0,0,0,0,0,0,0,0,0,0,0,0,0,0,0,0,0,1,1,5,5
0,0,0,0,"Furbolg, Blackwood",,1129,-1,0,0,0,0,0,0,0,0,0,0,0,0,0,0,0,0,0,0,0,0,0,1,1,5,5
0,0,0,0,"Stag, Darkshore",,1130,-1,0,0,0,0,0,0,0,0,0,0,0,0,0,0,0,0,0,0,0,0,0,1,1,5,5
0,0,0,0,"Bear, Darkshore",,1131,-1,0,0,0,0,0,0,0,0,0,0,0,0,0,0,0,0,0,0,0,0,0,1,1,5,5
0,0,0,0,"Moonstalker, Darkshore",,1132,-1,0,0,0,0,0,0,0,0,0,0,0,0,0,0,0,0,0,0,0,0,0,1,1,5,5
-6184943489809468494,6130900294268439629,0,0,Bilgewater Cartel,"Run by the ruthless Trade Prince Gallywix, the Bilgewater Cartel is the most powerful trading company on the Isle of Kezan. From their headquarters at Bilgewater Port, the cartel dominates trade all over the South Seas.",1133,105,67,0,0,0,0,0,0,0,0,273,6,0,0,3100,-42000,0,0,42000,-42000,0,0,1,0.25,4,7
2969586765,-6184943489809468494,2097152,0,Gilneas,"The people of Gilneas are a nation of survivors.  Having walled themselves off from the rest of humanity, they must now face new threats from within.",1134,106,469,0,0,0,0,0,0,0,0,273,6,17,0,0,-42000,3000,0,42000,-42000,42000,0,1,0.25,4,7
-1,0,0,0,The Earthen Ring,This gathering of the most powerful shaman of Azeroth seeks to maintain the balance between the world's elemental forces.  Their main focus during the cataclysm has been to  repair and stabilize the damage caused by Deathwing's arrival.,1135,110,1162,0,0,0,0,0,0,0,0,16,0,0,0,0,0,0,0,42000,0,0,0,0,0,5,5
-1,0,0,0,Tranquillien Conversion,,1136,100,0,0,0,0,0,0,0,0,0,4,0,0,0,0,0,0,0,42000,0,0,0,0,0,0,0
-1,0,0,0,Wintersaber Conversion,,1137,101,0,0,0,0,0,3583,0,0,0,4,0,0,0,0,0,0,0,42000,0,0,0,0,0,0,0
0,0,0,0,Cataclysm - New Neutral Reputation,,1138,-1,0,0,0,0,0,0,0,0,0,0,0,0,0,0,0,0,0,0,0,0,0,1,1,0,0
0,0,0,0,Magram Remnant,,1142,-1,0,0,0,0,0,0,0,0,0,0,0,0,0,0,0,0,0,0,0,0,0,0,0,0,0
0,0,0,0,Sons of Gelkis,,1143,-1,0,0,0,0,0,0,0,0,0,0,0,0,0,0,0,0,0,0,0,0,0,0,0,0,0
0,0,0,0,REUSE,,1144,-1,0,0,0,0,0,0,0,0,0,0,0,0,0,0,0,0,0,0,0,0,0,0,0,0,0
0,0,0,0,Hates Everything,,1145,-1,0,0,0,0,0,0,0,0,0,0,0,0,0,0,0,0,0,0,0,0,0,0,0,0,0
0,0,0,0,"PLAYER, Goblin",,1152,-1,0,0,0,0,0,0,0,0,0,0,0,0,0,0,0,0,0,0,0,0,0,1,1,5,5
0,0,0,0,"PLAYER, Worgen",,1153,-1,0,0,0,0,0,0,0,0,0,0,0,0,0,0,0,0,0,0,0,0,0,1,1,5,5
-1,0,0,0,Silver Covenant Conversion,,1154,102,0,0,0,0,0,0,0,0,0,4,0,0,0,0,0,0,0,42000,0,0,0,0,0,0,0
-1,0,0,0,Sunreavers Conversion,,1155,103,0,0,0,0,0,0,0,0,0,4,0,0,0,0,0,0,0,42000,0,0,0,0,0,0,0
-1,0,0,0,The Ashen Verdict,"Under a pact by Tirion Fordring and Darion Mograine, the Argent Crusade and the Knights of the Ebon Blade have set aside their differences during the attack on Icecrown Citadel until the Lich King is slain.",1156,104,1097,0,0,0,0,0,0,0,0,16,0,0,0,0,0,0,0,42000,0,0,0,0,0,0,0
0,0,0,0,Pygmy,,1157,-1,0,0,0,0,0,0,0,0,0,0,0,0,0,0,0,0,0,0,0,0,0,0,0,0,0
-1,0,0,0,Guardians of Hyjal,"Faced with the impending devastation of Mount Hyjal, the most powerful members of the Cenarion Circle have joined forces with their Emerald Dragonflight allies to fend off Ragnaros' elemental hordes and the Twilight's Hammer.",1158,113,1162,0,0,0,0,0,0,0,0,16,0,0,0,0,0,0,0,42000,0,0,0,0,0,0,0
0,0,0,0,CTF - Flag - Alliance 2,,1159,-1,0,0,0,0,0,0,0,0,0,0,0,0,0,0,0,0,0,0,0,0,0,1,1,5,5
0,0,0,0,CTF - Flag - Horde 2,,1160,-1,0,0,0,0,0,0,0,0,0,0,0,0,0,0,0,0,0,0,0,0,0,1,1,5,5
0,0,0,0,Grimtotem,,1161,-1,0,0,0,0,0,0,0,0,0,0,0,0,0,0,0,0,0,0,0,0,0,0,0,0,0
-1,0,0,0,Cataclysm,,1162,111,0,3,0,0,0,0,0,0,0,8,0,0,0,0,0,0,0,0,0,0,0,0,0,0,0
-1,0,0,0,Guild,"Guild reputation is your personal standing with your guild, and is required to buy guild rewards.  Guild reputation is gained automatically when you earn guild experience.",1168,114,1169,0,0,2,0,0,0,0,0,528,0,0,0,0,0,0,0,42000,0,0,0,0,0,0,0
-1,0,0,0,Guild,,1169,115,0,0,0,0,0,0,0,0,0,28,0,0,0,0,0,0,0,0,0,0,0,0,0,0,0
-1,0,0,0,Therazane,"The elemental plane of earth, Deepholm, is ruled by Therazane and her children, the Stone Lords.  After witnessing the devastation Deathwing and his followers caused her realm, Therazane treats all outsiders with open hostility.",1171,116,1162,0,0,0,0,0,0,0,0,64,0,0,0,-42000,0,0,0,42000,0,0,0,0,0,0,0
-6184943489809468494,6130900294268439629,0,0,Dragonmaw Clan,"This wayward orc clan was once empowered by Deathwing himself to enslave red dragons, including Alexstrasza.  Currently less numerous and powerful, the Dragonmaw make their home in the Twilight Highlands.",1172,117,1162,0,0,0,0,0,0,0,0,16,0,0,0,0,-42000,0,0,42000,-42000,0,0,0,0,0,0
-1,0,0,0,Ramkahen,"The cat-like people of Ramkahen are the descendants of the Tol'vir, guardians of Uldum.  Though they've lost their stone bodies, protecting the secrets of the titans is still a part of their rigid tradition.",1173,118,1162,0,0,0,0,0,0,0,0,16,0,0,0,0,0,0,0,42000,0,0,0,0,0,0,0
6130900294268439629,-6184943489809468494,0,0,Wildhammer Clan,"The Wildhammer dwarves are known for their near-reckless courage as well as their unsurpassed gryphon-riding skills.  After losing their home of Grim Batol to a Dark Iron Curse, they've spread their dwellings around the Twilight Highlands.",1174,119,1162,0,0,0,0,0,0,0,0,16,4,0,0,0,-42000,0,0,42000,-42000,0,0,0,0,0,0
6130900294268439629,-6184943489809468494,0,0,Baradin's Wardens,"Once led by Duke Reginald Baradin II, this fierce army has historic ties to the island stronghold of Tol Barad.  They have joined the forces of the Alliance in an effort to repeal the Horde invaders and gain control of this strategic island.",1177,122,1162,0,0,0,0,0,0,0,0,0,6,0,0,0,-42000,0,0,42000,-42000,0,0,0,0,0,0
6130900294268439629,-6184943489809468494,0,0,Hellscream's Reach,"Hellscream's Reach is an elite Horde regiment comprised solely of veterans of multiple tours of duty.   Handpicked by Garrosh himself, he has commanded them to take complete control of Tol Barad.  Failure is not an option.",1178,123,1162,0,0,0,0,0,0,0,0,6,16,0,0,-42000,0,0,0,-42000,42000,0,0,0,0,0,0
0,0,0,0,Slime,,1179,-1,0,0,0,0,0,0,0,0,0,0,0,0,0,0,0,0,0,0,0,0,0,1,1,5,5
0,0,0,0,"Friendly, New",,1181,-1,0,0,0,0,0,0,0,0,0,0,0,0,0,0,0,0,0,0,0,0,0,1,1,0,0
0,0,0,0,K3,,1189,-1,0,0,0,0,0,0,0,0,0,0,0,0,0,0,0,0,0,0,0,0,0,1,1,5,5
-1,0,0,0,Avengers of Hyjal,"Infuriated by the destruction wrought by the Lord of Flame, the Cenarion Circle seize the initiative, fighting back against Ragnaros and driving deep into the very heart of the Firelands.",1204,127,1162,0,0,0,0,0,0,0,0,16,0,0,0,0,0,0,0,42000,0,0,0,0,0,0,0
58720256,0,0,0,Shang Xi's Academy,"For nearly three generations, the esteemed Shang Xi has prepared pandaren heroes for lives of adventure.",1216,131,1245,0,0,0,0,0,0,0,0,81,0,0,0,3000,0,0,0,42000,0,0,0,0,0,0,0
-6184943489809468494,6130900294268439629,0,0,Forest Hozen,"A spirited, violent, and short-lived race of monkey people",1228,144,1245,0,0,0,0,0,0,0,0,2,2,0,0,-42000,-42000,0,0,42000,-42000,0,0,0,0,5,5
0,0,0,0,CoT Well of Eternity - Illidan,,1233,-1,0,0,0,0,0,0,0,0,0,0,0,0,0,0,0,0,0,0,0,0,0,1,1,0,0
0,0,0,0,CoT Well of Eternity - High Elves,,1234,-1,0,0,0,0,0,0,0,0,0,0,0,0,0,0,0,0,0,0,0,0,0,1,1,0,0
0,0,0,0,CoT Well of Eternity - Illidan (Stealth),,1235,-1,0,0,0,0,0,0,0,0,0,0,0,0,0,0,0,0,0,0,0,0,0,1,1,0,0
0,0,0,0,CoT Well of Eternity - Demons,,1237,-1,0,0,0,0,0,0,0,0,0,0,0,0,0,0,0,0,0,0,0,0,0,1,1,0,0
0,0,0,0,CoT Well of Eternity - Demon Balls,,1240,-1,0,0,0,0,0,0,0,0,0,0,0,0,0,0,0,0,0,0,0,0,0,0,0,0,0
0,0,0,0,CoT Well of Eternity - Hunter Stalkers,,1241,-1,0,0,0,0,0,0,0,0,0,0,0,0,0,0,0,0,0,0,0,0,0,1,1,0,0
6130900294268439629,-6184943489809468494,0,0,Pearlfin Jinyu,"A reserved, methodical race of fish people.",1242,143,1245,0,0,0,0,4095,0,0,0,16,2,0,0,0,-42000,0,0,42000,-42000,0,0,0,0,0,0
-6184943489809468494,0,0,0,Hozen,A noble and spirited tribe of Monkey people.,1243,-1,1245,0,0,0,0,2047,0,0,0,2,0,0,0,-42000,0,0,0,42000,0,0,0,0,0,0,0
-1,0,0,0,Mists of Pandaria,,1245,145,0,4,0,0,0,0,0,0,0,8,0,0,0,0,0,0,0,0,0,0,0,0,0,0,0
0,0,0,0,"PLAYER, Expansion 4 Neutral",,1249,-1,0,0,0,0,0,0,0,0,0,0,0,0,0,0,0,0,0,0,0,0,0,1,1,5,5
0,0,0,0,Sha,The evil spirits of the land.,1252,-1,0,0,0,0,0,0,0,0,0,0,0,0,0,0,0,0,0,0,0,0,0,0,0,0,0
0,0,0,0,Guardians of the East Temple,,1253,-1,0,0,0,0,0,0,0,0,0,0,0,0,0,0,0,0,0,0,0,0,0,0,0,0,0
0,0,0,0,Shen'dralar,"A remnant of the once powerful elves living in Dire Maul, yet still wise and knowledgeable about great secrets.",1265,-1,1118,0,0,0,0,0,0,0,0,0,0,0,0,0,0,0,0,0,0,0,0,1,1,5,5
0,0,0,0,Mogu,"The ancient progenitors of this land, the Mogu hate any and all pretenders, including the upstart Pandaren.",1268,-1,1245,0,0,0,0,0,0,0,0,0,0,0,0,0,0,0,0,0,0,0,0,1,1,0,0
-1,0,0,0,Golden Lotus,This mysterious society of Pandaren intend to solve the Mogu problem once and for all.,1269,167,1245,0,0,1,0,0,0,0,0,16,0,0,0,0,0,0,0,42000,0,0,0,0,0,0,0
-1,0,0,0,Shado-Pan,"The shadowy protectors of Pandaria's temples, the Shado-Pan are wrought with mystery.",1270,182,1245,0,0,1,0,0,0,0,0,16,0,0,0,0,0,0,0,42000,0,0,0,0,0,0,0
-1,0,0,0,Order of the Cloud Serpent,Guardians of the East Temple,1271,154,1245,0,0,1,0,4095,0,0,0,16,0,0,0,3000,0,0,0,42000,0,0,0,0,0,0,0
-1,0,0,0,The Tillers,"The Tillers are peaceful and productive pandaren, working with the land to feed the massive appetites of their people.",1272,171,1245,0,0,1,0,4095,0,0,0,152,0,0,0,0,0,0,0,42000,0,0,0,0,0,0,0
-1,0,0,0,Jogu the Drunk,Jogu's easy to find - gazing into the bottom of a bottle of the cheapest Stormstout Brewery has to offer.,1273,156,1272,0,21,0,0,0,0,0,0,16,0,0,0,0,0,0,0,42000,0,0,0,0,0,0,0
-1,0,0,0,Ella,"Ella aspires to be a great brewer, but she has a long road ahead of her!",1275,158,1272,0,17,0,0,0,0,0,0,16,0,0,0,0,0,0,0,42000,0,0,0,0,0,0,0
-1,0,0,0,Old Hillpaw,Old Hillpaw is the canniest chicken raiser around.,1276,159,1272,0,22,0,0,0,0,0,0,16,0,0,0,0,0,0,0,42000,0,0,0,0,0,0,0
-1,0,0,0,Chee Chee,"If you've ever had a question about sheep, Chee Chee will know the answer.",1277,160,1272,0,16,0,0,0,0,0,0,16,0,0,0,0,0,0,0,42000,0,0,0,0,0,0,0
-1,0,0,0,Sho,"A stout, proud defender of the farmlands, Sho is always there when you need a strong fist.",1278,161,1272,0,23,0,0,0,0,0,0,16,0,0,0,0,0,0,0,42000,0,0,0,0,0,0,0
-1,0,0,0,Haohan Mudclaw,"The respected leader of the Tillers, Haohan Mudclaw is swamped with responsibilities.",1279,162,1272,0,20,0,0,0,0,0,0,16,0,0,0,0,0,0,0,42000,0,0,0,0,0,0,0
-1,0,0,0,Tina Mudclaw,Tina Mudclaw is fond of the delicate things in life.,1280,163,1272,0,24,0,0,0,0,0,0,16,0,0,0,0,0,0,0,42000,0,0,0,0,0,0,0
-1,0,0,0,Gina Mudclaw,Managing the Halfhill Market makes Gina Mudclaw one stressed lady!,1281,164,1272,0,19,0,0,0,0,0,0,16,0,0,0,0,0,0,0,42000,0,0,0,0,0,0,0
-1,0,0,0,Fish Fellreed,Fish Fellreed's found out more about the history of this land than the rest of the town's forgotten.,1282,165,1272,0,18,0,0,0,0,0,0,16,0,0,0,0,0,0,0,42000,0,0,0,0,0,0,0
-1,0,0,0,Farmer Fung,Farmer Fung grows the biggest vegetables in the Heartland!,1283,166,1272,0,2,0,0,0,0,0,0,16,0,0,0,0,0,0,0,42000,0,0,0,0,0,0,0
0,0,0,0,Guardians of the Red Crane,,1286,-1,0,0,0,0,0,0,0,0,0,0,0,0,0,0,0,0,0,0,0,0,0,0,0,0,0
-1,0,0,0,The Anglers,The Anglers are a group of Pandaren fisherman that hope to feed their people and grow their knowledge of fishing.,1302,172,1245,0,0,1,0,0,0,0,0,152,0,0,0,0,0,0,0,42000,0,0,0,0,0,0,0
0,0,0,0,The Mantid Swarm,"The ravening swarms of the Mantid roam the Towlong Steppes and Dread Wastes, crushing all in their path.",1336,-1,1245,0,0,0,0,0,0,0,0,0,0,0,0,0,0,0,0,0,0,0,0,1,1,0,0
-1,0,0,0,The Klaxxi,These Mantid Elders are untouched by the corruption and insanity that has overtaken the remainder of the Mantid Swarm. They seek to work with the races of Pandaria to restore their Queen to glory.,1337,181,1245,0,0,1,0,0,0,0,0,16,0,0,0,0,0,0,0,42000,0,0,0,0,0,0,0
0,0,0,0,Gurthan Mogu,,1338,-1,0,0,0,0,0,0,0,0,0,0,0,0,0,0,0,0,0,0,0,0,0,0,0,0,0
0,0,0,0,Harthak Mogu,,1339,-1,0,0,0,0,0,0,0,0,0,0,0,0,0,0,0,0,0,0,0,0,0,0,0,0,0
0,0,0,0,Korgesh Mogu,,1340,-1,0,0,0,0,0,0,0,0,0,0,0,0,0,0,0,0,0,0,0,0,0,0,0,0,0
-1,0,0,0,The August Celestials,These brave Pandaren defend the temples of Pandaria from the evils of the Sha.,1341,183,1245,0,0,1,0,0,0,0,0,16,0,0,0,0,0,0,0,42000,0,0,0,0,0,0,0
-1,0,0,0,The Lorewalkers,"Caretakers of the mysteries of Pandaria, these brave souls roam the continent, hoping to learn from their history.",1345,184,1245,0,0,1,0,0,0,0,0,16,0,0,0,0,0,0,0,42000,0,0,0,0,0,0,0
-1,0,0,0,The Brewmasters,"These noble Pandaren safeguard the secrets of hereditary brews, braving great hardship to construct their potent concoctions.",1351,186,1245,0,0,1,0,0,0,0,0,0,0,0,0,0,0,0,0,42000,0,0,0,0,0,0,0
-6184943489809468494,6130900294268439629,0,0,Huojin Pandaren,"Led by the intrepid Ji Firepaw, the Huojin Pandaren are quick to act and quicker to fight for what they believe in.",1352,187,67,0,0,0,0,0,0,0,0,273,6,0,0,3100,-42000,0,0,42000,-42000,0,0,1,0.25,4,7
2969586765,-6184943489809468494,2097152,0,Tushui Pandaren,"Led by the stalwart Aysa Cloudsinger, the Tushui Pandaren believe in contemplation and reasoned action.",1353,188,469,0,0,0,0,0,0,0,0,273,6,17,0,3100,-42000,3000,0,42000,-42000,42000,0,1,0.25,4,7
-1,0,0,0,Nomi,5.0 Cooking - This is a hidden faction used to level up Nomi.,1357,191,0,0,25,0,0,0,0,0,0,4,0,0,0,0,0,0,0,42000,0,0,0,0,0,0,0
-1,0,0,0,Nat Pagle,"The consummate fisherman and lover of fine alcohol from across the land, Nat's irascible exterior belies a love of teaching.",1358,192,1302,0,26,0,0,0,0,0,0,16,0,0,0,0,0,0,0,42000,0,0,0,0,0,0,0
-1,0,0,0,The Black Prince,Black Prince Wrathion is the last of the black dragons. He has been known to richly reward those who earn his trust and support his endeavors.,1359,193,1245,0,0,0,0,4095,0,0,0,16,0,0,0,2800,0,0,0,42000,0,0,0,0,0,0,0
0,0,0,0,"Friendly, Force Reaction 2",,1364,-1,0,0,0,0,0,0,0,0,0,0,0,0,0,0,0,0,0,0,0,0,0,1,1,5,5
0,0,0,0,"Friendly, Force Reaction 3",,1366,-1,0,0,0,0,0,0,0,0,0,0,0,0,0,0,0,0,0,0,0,0,0,1,1,5,5
0,0,0,0,"Friendly, Force Reaction 4",,1367,-1,0,0,0,0,0,0,0,0,0,0,0,0,0,0,0,0,0,0,0,0,0,1,1,5,5
0,0,0,0,"Friendly, Force Reaction 5",,1368,-1,0,0,0,0,0,0,0,0,0,0,0,0,0,0,0,0,0,0,0,0,0,1,1,5,5
0,0,0,0,"Friendly, Force Reaction 6",,1369,-1,0,0,0,0,0,0,0,0,0,0,0,0,0,0,0,0,0,0,0,0,0,1,1,5,5
0,0,0,0,"Friendly, Force Reaction 7",,1370,-1,0,0,0,0,0,0,0,0,0,0,0,0,0,0,0,0,0,0,0,0,0,1,1,5,5
0,0,0,0,Paw'don Village,,1371,-1,0,0,0,0,0,0,0,0,0,0,0,0,0,0,0,0,0,0,0,0,0,0,0,0,0
0,0,0,0,Honeydew Village,,1372,-1,0,0,0,0,0,0,0,0,0,0,0,0,0,0,0,0,0,0,0,0,0,0,0,0,0
-6184943489809468494,0,0,0,Brawl'gar Arena (Season 1),The first season of the Horde Brawler's Guild occurred during the Pandaria campaign.,1374,197,892,0,171,0,0,0,0,0,0,16,0,0,0,0,0,0,0,9000,0,0,0,0,0,0,0
-6184943489809468494,6130900294268439629,0,0,Dominance Offensive,"Horde forces in Pandaria, stationed at Domination Point in Krasarang Wilds.",1375,198,1245,0,0,1,0,0,0,0,0,144,2,0,0,0,-42000,0,0,42000,-42000,0,0,0,0,0,0
6130900294268439629,-6184943489809468494,0,0,Operation: Shieldwall,"Alliance forces in Pandaria, stationed at Lion's Landing in Krasarang Wilds.",1376,199,1245,0,0,1,0,0,0,0,0,144,2,0,0,0,-42000,0,0,42000,-42000,0,0,0,0,0,0
6130900294268439629,-6184943489809468494,0,0,Kirin Tor Offensive,"Ignited by Jaina's fury, the Kirin Tor Offensive seek to seize Thunder Isle for the glory of the Alliance!",1387,207,1245,0,0,1,0,0,0,0,0,144,2,0,0,3000,-42000,0,0,42000,-42000,0,0,0,0,0,0
-6184943489809468494,6130900294268439629,0,0,Sunreaver Onslaught,"Outcast from Dalaran, the Sunreaver Onslaught fight to obtain powerful mogu artifacts from among the ruins of Thunder Isle, and to secure their future if the Horde falls to anarchy.",1388,208,1245,0,0,1,0,0,0,0,0,144,2,0,0,3000,-42000,0,0,42000,-42000,0,0,0,0,0,0
-1,0,0,0,Akama's Trust,"Akama is distrustful of Warlocks after witnessing Illidan's fall to his own corruption, followed by the invasion of the Black Temple by Warlocks after the Cataclysm.",1416,221,1245,4,0,0,0,4095,0,0,0,0,0,0,0,500,0,0,0,1000,0,0,0,1,1,0,0
6130900294268439629,0,0,0,Bizmo's Brawlpub (Season 1),The first season of the LFG Brawler's Guild occurred during the Pandaria campaign.,1419,220,891,0,172,0,0,0,0,0,0,16,0,0,0,0,0,0,0,9000,0,0,0,0,0,0,0
-1,0,0,0,"Monster, Enforced Neutral For Force Reaction",,1433,227,0,0,0,0,0,4095,0,0,0,20,0,0,0,100,0,0,0,100,0,0,0,0,0,0,0
-1,0,0,0,Shado-Pan Assault,"These valorous Shado-Pan venture into the Throne of Thunder to vanquish the evil found within, and exact justice for the centuries of slavery they endured under the Thunder King's reign.",1435,228,1245,0,0,0,0,4095,0,0,0,16,0,0,0,0,0,0,0,42000,0,0,0,0,0,0,0
-1,0,0,0,Darkspear Rebellion,"Vol'jin has declared open rebellion against Garrosh Hellscream. With the aid of both Horde and Alliance forces, he gathers resources in preparation for an attack on Orgrimmar itself.",1440,229,1245,0,72,0,0,0,0,0,0,16,0,0,0,0,0,0,0,10000,0,0,0,0,0,0,0
0,0,0,0,Kor'kron,,1443,-1,0,0,0,0,0,0,0,0,0,0,0,0,0,0,0,0,0,0,0,0,0,0,0,0,0
-1,0,0,0,Warlords of Draenor,,1444,230,0,5,0,0,0,0,0,0,0,24,0,0,0,0,0,0,0,0,0,0,0,0,0,0,0
-6184943489809468494,6130900294268439629,0,0,Frostwolf Orcs,"The Frostwolf orcs of Frostfire Ridge are a tight-knit family of brutal warriors, well equipped to deal with the savage realities of Draenor.",1445,231,1444,0,0,0,0,0,0,0,0,16,2,0,0,3000,-42000,0,0,42000,-42000,0,0,0,0,0,0
0,0,0,0,Darkspear Trolls,,1447,-1,0,0,0,0,0,0,0,0,0,0,0,0,0,0,0,0,0,0,0,0,0,0,0,0,0
0,0,0,0,Forelings,,1457,-1,0,0,0,0,0,0,0,0,0,0,0,0,0,0,0,0,0,0,0,0,0,1,1,5,5
0,0,0,0,Foreling-Eaters,,1483,-1,0,0,0,0,0,0,0,0,0,0,0,0,0,0,0,0,0,0,0,0,0,1,1,5,5
0,0,0,0,The Timewalkers,The Timewalkers guard the timeways from those who would take advantage of the bronze dragonflight's mortality; most are adventurers or scholars that have previously worked with the Keepers of Time.,1491,-1,0,0,0,0,0,0,0,0,0,0,0,0,0,0,0,0,0,0,0,0,0,0,0,0,0
-1,0,0,0,Emperor Shaohao,"Shaohao, the long lost Emperor of the Pandaren people, is a personage worthy of deep respect.",1492,241,1245,0,0,0,0,4095,0,0,0,16,0,0,0,0,0,0,0,42000,0,0,0,0,0,0,0
0,0,0,0,Frostfire Ogres,"Frostfire ogres are not interesting, but they do like to argue.",1496,-1,1444,0,0,0,0,0,0,0,0,0,0,0,0,0,0,0,0,0,0,0,0,1,1,0,0
0,0,0,0,Red Phantom,"You've been corrupted by the power of Ordos, and have turned against your friends and foes in mindless rage.",1500,-1,0,0,0,0,0,0,0,0,0,0,0,0,0,0,0,0,0,0,0,0,0,0,0,0,0
0,0,0,0,Shadowmoon Orcs,,1508,-1,0,0,0,0,0,0,0,0,0,0,0,0,0,0,0,0,0,0,0,0,0,0,0,0,0
0,0,0,0,The Pale,,1509,-1,0,0,0,0,0,0,0,0,0,0,0,0,0,0,0,0,0,0,0,0,0,0,0,0,0
0,0,0,0,Adherents of Rukhmar,"Worshippers of the dread god Rukhmar, these vile filth seek to stain the world with the blood of their foes.",1514,-1,0,0,0,0,0,0,0,0,0,0,0,0,0,0,0,0,0,0,0,0,0,1,1,0,0
-1,0,0,0,Arakkoa Outcasts,"Working from the shadows, the Arakkoa Outcasts seek to bring a brighter tomorrow.",1515,247,1444,0,0,0,0,0,0,0,0,16,0,0,0,0,0,0,0,42000,0,0,0,0,0,0,0
0,0,0,0,Shadowmoon Exiles,,1520,205,1444,0,0,0,0,0,0,0,0,20,0,0,0,0,0,0,0,0,0,0,0,1,1,0,0
0,0,0,0,Shadow Council,,1521,-1,0,0,0,0,0,0,0,0,0,0,0,0,0,0,0,0,0,0,0,0,0,0,0,0,0
0,0,0,0,"Draenei, Draenor",,1591,-1,0,0,0,0,0,0,0,0,0,0,0,0,0,0,0,0,0,0,0,0,0,0,0,0,0
0,0,0,0,Primal,,1617,-1,0,0,0,0,0,0,0,0,0,0,0,0,0,0,0,0,0,0,0,0,0,0,0,0,0
0,0,0,0,Breaker,,1618,-1,0,0,0,0,0,0,0,0,0,0,0,0,0,0,0,0,0,0,0,0,0,0,0,0,0
0,0,0,0,The Iron Horde,A tenuous alliance of many of the orc clans of Draenor under the leadership of Grommash Hellscream.,1623,-1,1245,0,0,0,0,0,0,0,0,0,0,0,0,0,0,0,0,0,0,0,0,1,1,0,0
0,0,0,0,The Sargerei,"Twisted in the service of the Shadow Council, these draenei have sacrificed much in pursuit of power.",1665,-1,0,0,0,0,0,0,0,0,0,0,0,0,0,0,0,0,0,0,0,0,0,0,0,0,0
0,0,0,0,Draenor Spores,,1674,-1,0,0,0,0,0,0,0,0,0,0,0,0,0,0,0,0,0,0,0,0,0,0,0,0,0
0,0,0,0,Operation: Aardvark,,1679,251,1444,0,0,0,0,0,0,0,0,4,0,0,0,0,0,0,0,10000,0,0,0,0,0,0,0
0,0,0,0,Highmaul,Highmaul ogres like togas and gladiator fights.,1680,-1,1444,0,0,0,0,0,0,0,0,0,0,0,0,0,0,0,0,0,0,0,0,1,1,0,0
-6184943489809468494,6130900294268439629,0,0,Vol'jin's Spear,"Horde forces in Ashran, stationed at Warspear.",1681,252,892,0,0,0,0,0,0,0,0,16,18,0,0,0,-42000,0,0,42000,-42000,0,0,0,0,0,0
6130900294268439629,-6184943489809468494,0,0,Wrynn's Vanguard,"Alliance forces in Ashran, stationed at Stormshield.",1682,253,891,0,0,0,0,0,0,0,0,16,18,0,0,0,-42000,0,0,42000,-42000,0,0,0,0,0,0
0,0,0,0,Gorgrond Goren,,1687,-1,0,0,0,0,0,0,0,0,0,0,0,0,0,0,0,0,0,0,0,0,0,0,0,0,0
-6184943489809468494,0,0,0,Brawl'gar Arena (Season 2),The second season of the Horde Brawler's Guild occurred during the Draenor campaign.,1690,136,892,0,212,0,0,0,0,0,0,16,0,0,0,0,0,0,0,7000,0,0,0,1,1,0,0
6130900294268439629,0,0,0,Bizmo's Brawlpub (Season 2),The second season of the Alliance Brawler's Guild occurred during the Draenor campaign.,1691,135,891,0,210,0,0,0,0,0,0,16,0,0,0,0,0,0,0,7000,0,0,0,1,1,0,0
-6184943489809468494,6130900294268439629,0,0,Laughing Skull Orcs,"The Laughing Skull clan calls the most savage reaches of Draenor home, laughing maniacally at the impending annihilation they face from every side.",1708,107,1444,0,0,0,0,0,0,0,0,16,2,0,0,3000,-42000,0,0,42000,-42000,0,0,0,0,0,0
6130900294268439629,-6184943489809468494,0,0,Sha'tari Defense,"The defenders of Shattrath struggle to regain control of their capital city, having been betrayed from within.",1710,121,1444,0,0,0,0,0,0,0,0,16,2,0,0,0,-42000,0,0,42000,-42000,0,0,0,0,0,0
-1,0,0,0,Steamwheedle Preservation Society,The goblins of the Steamwheedle Preservation Society seek to liberate relics from the ogres of Nagrand with the noble intention of selling them to the highest bidder.,1711,124,1444,0,0,0,0,0,0,0,0,16,0,0,0,0,0,0,0,42000,0,0,0,0,0,5,5
-1,0,0,0,GarInvasion_IronHorde,,1712,125,1444,0,0,0,0,0,0,0,0,1028,0,0,0,0,0,0,0,42000,0,0,0,0,0,0,0
-1,0,0,0,GarInvasion_ShadowCouncil,,1713,126,1444,0,0,0,0,0,0,0,0,1028,0,0,0,0,0,0,0,42000,0,0,0,0,0,0,0
-1,0,0,0,GarInvasion_Ogres,,1714,128,1444,0,0,0,0,0,0,0,0,1028,0,0,0,0,0,0,0,42000,0,0,0,0,0,0,0
-1,0,0,0,GarInvasion_Primals,,1715,129,1444,0,0,0,0,0,0,0,0,1028,0,0,0,0,0,0,0,42000,0,0,0,0,0,0,0
-1,0,0,0,GarInvasion_Breakers,,1716,132,1444,0,0,0,0,0,0,0,0,1028,0,0,0,0,0,0,0,42000,0,0,0,0,0,0,0
-1,0,0,0,GarInvasion_ThunderLord,,1717,133,1444,0,0,0,0,0,0,0,0,1028,0,0,0,0,0,0,0,42000,0,0,0,0,0,0,0
-1,0,0,0,GarInvasion_Shadowmoon,,1718,134,1444,0,0,0,0,0,0,0,0,1028,0,0,0,0,0,0,0,42000,0,0,0,0,0,0,0
6130900294268439629,-6184943489809468494,0,0,Council of Exarchs,"Under the leadership of five powerful exarchs, the draenei of Draenor have prospered in a savage world.",1731,254,1444,0,0,0,0,0,0,0,0,16,2,0,0,3000,-42000,0,0,42000,-42000,0,0,0,0,0,0
-1,0,0,0,Steamwheedle Draenor Expedition,"Draenor is a long of infinite opportunity, and very little competition.",1732,138,1444,0,0,0,0,4095,0,0,0,4,0,0,0,0,0,0,0,0,0,0,0,1,1,0,0
6130900294268439629,0,0,0,Delvar Ironfist,"Your personal bodyguard, stationed at your barracks. You can build friendship with Delvar by inviting him to fight alongside you.",1733,255,1735,0,164,0,0,0,0,0,0,16,0,0,0,0,0,0,0,20000,0,0,0,0,0,0,0
0,0,0,0,Barracks Bodyguards,Station bodyguards at your barracks.,1735,242,1444,0,0,0,0,0,0,0,0,0,0,0,0,0,0,0,0,0,0,0,0,0,0,0,0
-1,0,0,0,Tormmok,"Your personal bodyguard, stationed at your barracks. You can build friendship with Tormmok by inviting him to fight alongside you.",1736,243,1735,0,160,0,0,0,0,0,0,16,0,0,0,0,0,0,0,20000,0,0,0,0,0,0,0
-1,0,0,0,Talonpriest Ishaal,"Your personal bodyguard, stationed at your barracks. You can build friendship with Ishaal by inviting him to fight alongside you.",1737,244,1735,0,166,0,0,0,0,0,0,16,0,0,0,0,0,0,0,20000,0,0,0,0,0,0,0
6130900294268439629,0,0,0,Defender Illona,"Your personal bodyguard, stationed at your barracks. You can build friendship with Illona by inviting her to fight alongside you.",1738,245,1735,0,162,0,0,0,0,0,0,16,0,0,0,0,0,0,0,20000,0,0,0,0,0,0,0
-6184943489809468494,0,0,0,Vivianne,"Your personal bodyguard, stationed at your barracks. You can build friendship with Vivianne by inviting her to fight alongside you.",1739,246,1735,0,165,0,0,0,0,0,0,16,0,0,0,0,0,0,0,20000,0,0,0,0,0,0,0
-6184943489809468494,0,0,0,Aeda Brightdawn,"Your personal bodyguard, stationed at your barracks. You can build friendship with Aeda by inviting him to fight alongside you.",1740,248,1735,0,163,0,0,0,0,0,0,16,0,0,0,0,0,0,0,20000,0,0,0,0,0,0,0
-1,0,0,0,Leorajh,"Your personal bodyguard, stationed at your barracks. You can build friendship with Leorajh by inviting him to fight alongside you.",1741,137,1735,0,167,0,0,0,0,0,0,16,0,0,0,0,0,0,0,20000,0,0,0,0,0,0,0
0,0,0,0,Nagrand Gronn,,1746,-1,0,0,0,0,0,0,0,0,0,0,0,0,0,0,0,0,0,0,0,0,0,0,0,0,0
0,0,0,0,Coliseum Treasure,,1747,-1,0,0,0,0,0,0,0,0,0,0,0,0,0,0,0,0,0,0,0,0,0,1,1,5,5
0,0,0,0,LVA_Looters,,1756,-1,0,0,0,0,0,0,0,0,0,0,0,0,0,0,0,0,0,0,0,0,0,0,0,0,0
0,0,0,0,LVA_Preservers,,1757,-1,0,0,0,0,0,0,0,0,0,0,0,0,0,0,0,0,0,0,0,0,0,0,0,0,0
0,0,0,0,LVA_Naturalists,,1758,-1,0,0,0,0,0,0,0,0,0,0,0,0,0,0,0,0,0,0,0,0,0,0,0,0,0
0,0,0,0,LVA_Machines,,1759,-1,0,0,0,0,0,0,0,0,0,0,0,0,0,0,0,0,0,0,0,0,0,0,0,0,0
0,0,0,0,Highmaul Gladiators,Highmaul ogres like togas and gladiator fights.,1760,-1,1444,0,0,0,0,0,0,0,0,0,0,0,0,0,0,0,0,0,0,0,0,1,1,0,0
0,0,0,0,Burning Legion Invaders,Demons from places unknown and unrivaled in power.,1786,-1,0,0,0,0,0,0,0,0,0,0,0,0,0,0,0,0,0,0,0,0,0,0,0,0,0
-1,0,0,0,Gilnean Survivors,,1815,140,1834,0,0,0,0,0,0,0,0,4,0,0,0,0,0,0,0,42000,0,0,0,0,0,0,0
4154490879,134217728,0,0,Highmountain Tribe,"The Highmountain Tribe has dwindled in numbers over the years, and with the drogbar threat looming, seek new allies to save their homeland.",1828,141,1834,0,0,0,2085,0,0,0,0,16,17,0,0,0,3000,0,0,42000,42000,0,0,0,0,5,5
0,0,0,0,Uncrowned,"If you have to ask, you're already dead.",1833,-1,1834,0,0,0,0,0,0,0,0,0,0,0,0,0,0,0,0,0,0,0,0,1,1,0,0
-1,0,0,0,Legion,,1834,146,0,6,0,0,0,0,0,0,0,24,0,0,0,0,0,0,0,0,0,0,0,0,0,0,0
6130900294268439629,-6184943489809468494,0,0,Hand of the Prophet,Yrel has assembled the remaining Exarchs and is calling for a crusade in Velen's name. Together they are working to establish a foothold in Tanaan Jungle and to overthrow Gul'dan.,1847,147,1444,0,0,0,0,0,0,0,0,16,2,0,0,3000,-42000,0,0,42000,-42000,0,0,0,0,0,0
-6184943489809468494,6130900294268439629,0,0,Vol'jin's Headhunters,"Seeking to protect Azeroth with a decisive victory on Draenor, Warchief Vol'jin is assembling an elite team of champions to establish a foothold in Tanaan Jungle and to overthrow Gul'dan.",1848,148,1444,0,0,0,0,0,0,0,0,16,2,0,0,3000,-42000,0,0,42000,-42000,0,0,0,0,0,0
-1,0,0,0,Order of the Awakened,"Survivors of a grisly civil war, these beleaguered arakkoans hope the reclamation of apexis artifacts will hold the key to peacefully rebuilding their civilization.",1849,149,1444,0,0,0,0,0,0,0,0,16,0,0,0,0,0,0,0,42000,0,0,0,0,0,5,5
-1,0,0,0,The Saberstalkers,"The treacherous wilds of Tanaan Jungle have attracted the craftiest hunters from both Azeroth and Draenor. To defeat the beasts of Tanaan, one must become a beast.",1850,150,1444,0,0,0,0,0,0,0,0,16,0,0,0,0,0,0,0,42000,0,0,0,0,0,5,5
6130900294268439629,1241527218,67108864,0,The Nightfallen,These exiled Nightborne elves suffer withdrawals after being cut off from the Nightwell. They oppose their people's alliance with the Legion and fight for some kind of redemption.,1859,151,1834,0,0,0,2089,0,0,0,0,16,16,17,0,0,0,42000,0,42000,42000,42000,0,0,0,5,5
-1,0,0,0,Arcane Thirst (Thalyssra),First Arcanist Thalyssra,1860,152,1859,0,181,0,0,0,0,0,0,20,0,0,0,1,0,0,0,200,0,0,0,0,0,0,0
-1,0,0,0,Arcane Thirst (Silgryn) DEPRECATED,DEPRECATED,1861,153,1859,0,182,0,0,0,0,0,0,20,0,0,0,0,0,0,0,42000,0,0,0,0,0,0,0
-1,0,0,0,Arcane Thirst (Oculeth),Chief Telemancer Oculeth,1862,155,1859,0,183,0,0,0,0,0,0,20,0,0,0,1,0,0,0,200,0,0,0,0,0,0,0
-1,0,0,0,Dreamweavers,The druids and their allies in Val'sharah have guarded the Emerald Dream since time immemorial.,1883,157,1834,0,0,0,2088,0,0,0,0,16,0,0,0,0,0,0,0,42000,0,0,0,0,0,5,5
-1,0,0,0,Jandvik Vrykul,,1888,168,1834,0,0,0,0,4095,0,0,0,6,0,0,0,-42000,0,0,0,42000,0,0,0,0,0,0,0
-1,0,0,0,The Wardens,"After Legion forces broke the Vault of the Wardens with the aid of Gul'dan, what few Wardens remain are determined to rebuild their prison and hunt down the terrifying beasts that were let loose when it fell.",1894,169,1834,0,0,0,2090,0,0,0,0,16,0,0,0,0,0,0,0,42000,0,0,0,0,0,5,5
-1,0,0,0,Moonguard,The Night Time is the Right Time [PH],1899,176,1834,0,0,0,0,0,0,0,0,16,0,0,0,0,0,0,0,42000,0,0,0,0,0,5,5
-1,0,0,0,Court of Farondis,The ghostly Court of Farondis and its allies continue the fight against an onslaught of invaders on the cursed island of Azsuna.,1900,177,1834,0,0,0,2087,0,0,0,0,16,0,0,0,0,0,0,0,42000,0,0,0,0,0,5,5
0,0,0,0,Dreamgrove Druid,,1905,-1,0,0,0,0,0,0,0,0,0,0,0,0,0,0,0,0,0,0,0,0,0,0,0,0,0
0,0,0,0,Drogbar,,1910,-1,0,0,0,0,0,0,0,0,0,0,0,0,0,0,0,0,0,0,0,0,0,0,0,0,0
0,0,0,0,Kvaldir Ghosts,,1911,-1,0,0,0,0,0,0,0,0,0,0,0,0,0,0,0,0,0,0,0,0,0,0,0,0,0
0,0,0,0,Kvaldir,,1912,-1,0,0,0,0,0,0,0,0,0,0,0,0,0,0,0,0,0,0,0,0,0,0,0,0,0
0,0,0,0,Nightborne,,1913,-1,0,0,0,0,0,0,0,0,0,0,0,0,0,0,0,0,0,0,0,0,0,0,0,0,0
0,0,0,0,Withered,,1914,-1,0,0,0,0,0,0,0,0,0,0,0,0,0,0,0,0,0,0,0,0,0,0,0,0,0
-1,0,0,0,Arcane Thirst (Valtrois),Arcanist Valtrois,1919,178,1859,0,185,0,0,0,0,0,0,20,0,0,0,1,0,0,0,200,0,0,0,0,0,0,0
0,0,0,0,Moon Guard,,1920,-1,0,0,0,0,0,0,0,0,0,0,0,0,0,0,0,0,0,0,0,0,0,0,0,0,0
0,0,0,0,Illidari,"Elves that have sworn themselves to fighting against the Burning Legion, no matter the cost.",1947,195,1834,0,0,0,0,2048,2047,0,0,20,20,0,0,3000,0,0,0,42000,42000,0,0,1,1,0,0
6130900294268439629,-6184943489809468494,0,0,Valarjar,"These are the chosen warriors of Odyn, sworn to his service in life and death.",1948,196,1834,0,0,0,2086,0,0,0,0,16,16,0,0,0,0,0,0,42000,42000,0,0,0,0,5,5
0,0,0,0,Nightmare,,1953,-1,0,0,0,0,0,0,0,0,0,0,0,0,0,0,0,0,0,0,0,0,0,0,0,0,0
0,0,0,0,Nightborne Civilian,,1962,-1,0,0,0,0,0,0,0,0,0,0,0,0,0,0,0,0,0,0,0,0,0,0,0,0,0
-1,0,0,0,Conjurer Margoss,"Once a student of the Kirin Tor, Margoss has turned to fishing to ease his stressful life.",1975,200,1834,0,193,0,0,0,0,0,0,16,0,0,0,0,0,0,0,42000,0,0,0,0,0,0,0
0,0,0,0,The First Responders,"High in their floating home city of Dalaran, Olisarra and Angelique treat the injured, the sick and the quite nearly, fatally wounded. They also sell wares to travelers who are in need of medical supplies.",1984,201,1834,0,195,0,0,0,0,0,0,0,0,0,0,0,0,0,0,0,0,0,0,1,1,0,0
-1,0,0,0,Moon Guard,,1989,142,1834,0,0,0,0,0,0,0,0,4,0,0,0,42000,0,0,0,42000,0,0,0,0,0,0,0
-6184943489809468494,0,0,0,Brawl'gar Arena (Season 3),The third season of the Horde Brawler's Guild occurred during the Broken Isles campaign.,2010,206,892,0,340,0,0,0,0,0,0,16,0,0,0,0,0,0,0,7000,0,0,0,1,1,0,0
6130900294268439629,0,0,0,Bizmo's Brawlpub (Season 3),The third season of the Alliance Brawler's Guild occurred during the Broken Isles campaign.,2011,209,891,0,339,0,0,0,0,0,0,16,0,0,0,0,0,0,0,7000,0,0,0,1,1,0,0
0,0,0,0,Nightborne Rebels,,2012,-1,0,0,0,0,0,0,0,0,0,0,0,0,0,0,0,0,0,0,0,0,0,0,0,0,0
-1,0,0,0,Talon's Vengeance,Allies of the demigod Aviana and protectors of the winged creatures of the Broken Isles.,2018,211,1834,0,0,2,0,0,0,0,0,16,0,0,0,0,0,0,0,42000,0,0,0,0,0,5,5
0,0,0,0,Talon's Vengeance,Allies of the demigod Aviana and protectors of the winged creatures of the Broken Isles.,2040,-1,1834,0,0,0,0,0,0,0,0,0,0,0,0,0,0,0,0,0,0,0,0,1,1,5,5
-1,0,0,0,Armies of Legionfall,The coalition of orders dedicated to defeating the Legion at the Tomb of Sargeras and Broken Shore.,2045,212,1834,0,0,0,2091,0,0,0,0,16,0,0,0,3000,0,0,0,42000,0,0,0,0,0,5,5
0,0,0,0,Arne Test - Paragon Reputation Stormwind,"One of the last bastions of human power, this Alliance capital is ruled by the prodigal king, Varian Wrynn.",2063,214,0,0,0,0,2062,0,0,0,0,276,6,20,4,3100,-42000,4000,0,42000,-42000,42000,0,1,0.25,4,7
-1,0,0,0,Highmountain Tribe (Paragon),"The Highmountain Tribe has dwindled in numbers over the years, and with the drogbar threat looming, seek new allies to save their homeland.",2085,235,1834,0,0,0,0,0,0,0,0,16,0,0,0,0,0,0,0,42000,0,0,0,0,0,5,5
6130900294268439629,-6184943489809468494,0,0,Valarjar (Paragon),"These are the chosen warriors of Odyn, sworn to his service in life and death.",2086,236,1834,0,0,0,0,0,0,0,0,16,16,0,0,0,0,0,0,42000,42000,0,0,0,0,5,5
-1,0,0,0,Court of Farondis (Paragon),The ghostly Court of Farondis and its allies continue the fight against an onslaught of invaders on the cursed island of Azsuna.,2087,237,1834,0,0,0,0,0,0,0,0,16,0,0,0,0,0,0,0,42000,0,0,0,0,0,5,5
-1,0,0,0,Dreamweavers (Paragon),The druids and their allies in Val'sharah have guarded the Emerald Dream since time immemorial.,2088,238,1834,0,0,0,0,0,0,0,0,16,0,0,0,0,0,0,0,42000,0,0,0,0,0,5,5
6130900294268439629,-6184943489809468494,0,0,The Nightfallen (Paragon),These exiled Nightborne elves suffer withdrawals after being cut off from the Nightwell. They oppose their people's alliance with the Legion and fight for some kind of redemption.,2089,239,1834,0,0,0,0,0,0,0,0,16,16,0,0,0,0,0,0,42000,42000,0,0,0,0,5,5
-1,0,0,0,The Wardens (Paragon),"After Legion forces broke the Vault of the Wardens with the aid of Gul'dan, what few Wardens remain are determined to rebuild their prison and hunt down the terrifying beasts that were let loose when it fell.",2090,240,1834,0,0,0,0,0,0,0,0,16,0,0,0,0,0,0,0,42000,0,0,0,0,0,5,5
-1,0,0,0,Armies of Legionfall (Paragon),The coalition of orders dedicated to defeating the Legion at the Tomb of Sargeras and Broken Shore.,2091,249,1834,0,0,0,0,0,0,0,0,16,0,0,0,0,0,0,0,42000,0,0,0,0,0,5,5
-1,0,0,0,Ilyssia of the Waters,The ancient keeper of the Royal Pond in Azsuna.,2097,256,1834,0,199,0,0,0,0,0,0,16,0,0,0,0,0,0,0,42000,0,0,0,0,0,0,0
-1,0,0,0,Keeper Raynae,The watcher of fish in Val'sharah.,2098,257,1834,0,204,0,0,0,0,0,0,16,0,0,0,0,0,0,0,42000,0,0,0,0,0,0,0
-1,0,0,0,Akule Riverhorn,A master of the river and the fish within.,2099,258,1834,0,200,0,0,0,0,0,0,16,0,0,0,0,0,0,0,42000,0,0,0,0,0,0,0
-1,0,0,0,Corbyn,"A raven with bright, intelligent eyes and a love of fish.",2100,259,1834,0,208,0,0,0,0,0,0,16,0,0,0,0,0,0,0,42000,0,0,0,0,0,0,0
-1,0,0,0,Sha'leth,A mysterious withered who makes her home by the waterfalls.,2101,260,1834,0,206,0,0,0,0,0,0,16,0,0,0,0,0,0,0,42000,0,0,0,0,0,0,0
-1,0,0,0,Impus,"Summoned from far away, Impus collects shells in hopes of creating a ""magic gateway"" to return home.",2102,261,1834,0,202,0,0,0,0,0,0,16,0,0,0,0,0,0,0,42000,0,0,0,0,0,0,0
234894258,6130900294268439629,1073741824,0,Zandalari Empire,"The oldest empire of Azeroth, the Zandalari are powerful trolls who bargain with fearsome loa and whose navy is unmatched on the Great Sea.",2103,262,2104,0,0,0,2378,0,0,0,0,16,6,17,0,0,-42000,9000,0,42000,-42000,42000,0,0,0,0,0
0,0,0,0,Battle for Azeroth,,2104,263,0,7,0,0,0,0,0,0,0,8,0,0,0,0,0,0,0,0,0,0,0,0,0,0,0
0,0,0,0,Nazmani,,2105,-1,0,0,0,0,0,0,0,0,0,0,0,0,0,0,0,0,0,0,0,0,0,0,0,0,0
6130900294268439629,-6184943489809468494,0,0,Zandalari Dinosaurs,,2111,264,2104,0,0,0,0,0,0,0,0,6,2,0,0,-42000,-42000,0,0,-42000,42000,0,0,0,0,0,0
824200269,-6184943489809468494,2147483648,0,Kul Tiras - Tiragarde,The island nation of Kul Tiras is home to Azeroth's finest sailors.,2120,266,2160,0,0,0,0,0,0,0,0,20,6,20,0,0,-42000,9000,0,42000,-42000,42000,0,1,0,7,0
0,0,0,0,Great Sea Privateers,"Free folk of the Great Sea, they know no loyalties but to their own crew.",2121,-1,0,0,0,0,0,0,0,0,0,0,0,0,0,0,0,0,0,0,0,0,0,0,0,0,0
0,0,0,0,Irontide Raiders,A ruthless pirate band based out of Freehold in Tiragarde Sound.,2122,-1,0,0,0,0,0,0,0,0,0,0,0,0,0,0,0,0,0,0,0,0,0,0,0,0,0
-1,0,0,0,Chromie,"Chronormu (Chromie for short) has always been one of the more active, approachable bronze dragons. Strengthening your bond with her will increase her power in the Deaths of Chromie scenario.",2135,265,1834,0,209,0,0,0,0,0,0,16,0,0,0,0,0,0,0,15100,0,0,0,0,0,0,0
0,0,0,0,Blood Trolls,,2155,-1,0,0,0,0,0,0,0,0,0,0,0,0,0,0,0,0,0,0,0,0,0,0,0,0,0
-6184943489809468494,6130900294268439629,0,0,Talanji's Expedition,Princess Talanji and her allies fight to protect Zandalar from the onslaught of the Blood Trolls.,2156,267,2104,0,0,0,2380,0,0,0,0,16,2,0,0,0,-42000,0,0,42000,-42000,0,0,0,0,0,0
-6184943489809468494,6130900294268439629,0,0,The Honorbound,"A special delegation of the Horde army, focused on disrupting Alliance operations in Kul Tiras.",2157,268,2104,0,0,0,2385,0,0,0,0,16,2,0,0,3000,-42000,0,0,42000,-42000,0,0,0,0,0,0
1308631986,6130900294268439629,4096,0,Voldunai,"Comprised of exiles and scavengers, the Voldunai use their knowledge of the sands to thrive where others would wither and die.",2158,269,2104,0,0,0,2382,0,0,0,0,16,20,17,0,0,-3000,9000,0,42000,-3000,42000,0,0,0,0,0
6130900294268439629,-6184943489809468494,0,0,7th Legion,"A elite special force delegation of the Alliance army, currently focused on disrupting Horde operations in Zandalar.",2159,270,2104,0,0,0,2384,0,0,0,0,16,2,0,0,3000,-42000,0,0,42000,-42000,0,0,0,0,0,0
824200269,-6184943489809468494,2147483648,0,Proudmoore Admiralty,"Masters of the sea and commanders of Azeroth's finest navy, the distinguished Proudmoore family has led Kul Tiras for decades from their seat of power in Boralus.",2160,271,2104,0,0,0,2379,0,0,0,0,16,2,17,0,0,-42000,9000,0,42000,-42000,42000,0,0,0,0,0
6130900294268439629,-6184943489809468494,0,0,Order of Embers,"An ancient Kul Tiran order resurrected to battle the threat of witchcraft, the Order of Embers fights with knowledge guiding their blades.",2161,272,2104,0,0,0,2383,0,0,0,0,16,2,0,0,0,-42000,0,0,42000,-42000,0,0,0,0,0,0
6130900294268439629,-6184943489809468494,0,0,Storm's Wake,"Home to farmers, craftsmen, soldiers, and the mysterious tidesages, the Storm's Wake seeks to reclaim Stormsong Valley and affirm their place in Kul Tiras.",2162,273,2104,0,0,0,2381,0,0,0,0,16,2,0,0,0,-42000,0,0,42000,-42000,0,0,0,0,0,0
-1,0,0,0,Tortollan Seekers,"Traversing the world, the Tortollan Seekers wield their immense wealth to catalogue and preserve forbidden knowledge.",2163,274,2104,0,0,0,2387,0,0,0,0,16,0,0,0,0,0,0,0,42000,0,0,0,0,0,0,0
-1,0,0,0,Champions of Azeroth,"Enlisted by Magni Bronzebeard, the Champions of Azeroth seek to heal the wounds caused by Sargeras' burning blade and save a dying world.",2164,275,2104,0,0,0,2386,0,0,0,0,16,0,0,0,0,0,0,0,42000,0,0,0,0,0,0,0
3751837695,536870912,0,0,Army of the Light,"After the fall of Argus, the draenei's finest warriors followed the prime naaru Xe'ra across the cosmos in an eternal war to bring about the Legion's end. Since then, other survivors of the Burning Crusade have joined the ranks of the Lightforged.",2165,276,1834,0,0,0,2166,0,0,0,0,16,17,0,0,3000,6000,0,0,42000,42000,0,0,0,0,0,0
-1,0,0,0,Army of the Light (Paragon),,2166,277,1834,6,0,0,0,0,0,0,0,16,0,0,0,0,0,0,0,42000,0,0,0,0,0,5,5
-1,0,0,0,Argussian Reach (Paragon),,2167,278,1893,0,0,0,0,0,0,0,0,16,0,0,0,0,0,0,0,42000,0,0,0,0,0,0,0
4020273151,268435456,0,0,Argussian Reach,"Although many struggled to oppose the Burning Legion's conquest of Argus, not all were able to escape. Emboldened by the arrival of new allies, these refugees and outcasts stand united in their mission to reclaim their home.",2170,279,1834,6,0,0,2167,0,0,0,0,16,17,0,0,0,3000,0,0,42000,42000,0,0,0,0,0,0
0,0,0,0,"Neutral, Force Reaction 1",,2176,-1,0,0,0,0,0,0,0,0,0,0,0,0,0,0,0,0,0,0,0,0,0,0,0,0,0
0,0,0,0,"Neutral, Force Reaction 2",,2177,-1,0,0,0,0,0,0,0,0,0,0,0,0,0,0,0,0,0,0,0,0,0,0,0,0,0
0,0,0,0,"Neutral, Force Reaction 3",,2178,-1,0,0,0,0,0,0,0,0,0,0,0,0,0,0,0,0,0,0,0,0,0,0,0,0,0
0,0,0,0,"Neutral, Force Reaction 4",,2179,-1,0,0,0,0,0,0,0,0,0,0,0,0,0,0,0,0,0,0,0,0,0,0,0,0,0
0,0,0,0,The Bilge Rats,"An unconventional crew of ""mongrel"" races based out of Freehold in Tiragarde Sound.",2185,-1,0,0,0,0,0,0,0,0,0,0,0,0,0,0,0,0,0,0,0,0,0,0,0,0,0
0,0,0,0,Blacktooth Brawlers,A crew of rough-and-tumble bruisers who never shy away from a fight. One of many pirate bands based out of Freehold in Tiragarde Sound.,2186,-1,0,0,0,0,0,0,0,0,0,0,0,0,0,0,0,0,0,0,0,0,0,0,0,0,0
0,0,0,0,Cutwater Corsairs,"A cunning band of sellswords and bandits who kill for the highest bidder. Between contracts, they drop anchor at the port of Freehold in Tiragarde Sound.",2187,-1,0,0,0,0,0,0,0,0,0,0,0,0,0,0,0,0,0,0,0,0,0,0,0,0,0
0,0,0,0,Ashvane Trading Co.,A shipping and manufacturing company based out of Boralus. Rumors around the Kul Tiran capital suggest this imposing company to be a front for a more sinister criminal empire.,2192,-1,0,0,0,0,0,0,0,0,0,0,0,0,0,0,0,0,0,0,0,0,0,0,0,0,0
0,0,0,0,8.0 Hidden Object - Red,,2218,-1,0,0,0,0,0,0,0,0,0,0,0,0,0,0,0,0,0,0,0,0,0,1,1,5,5
0,0,0,0,8.0 Hidden Object - Withered - Red,,2219,-1,0,0,0,0,0,0,0,0,0,0,0,0,0,0,0,0,0,0,0,0,0,1,1,5,5
0,0,0,0,8.0 Hidden Object - Withered - Blue,,2220,-1,0,0,0,0,0,0,0,0,0,0,0,0,0,0,0,0,0,0,0,0,0,1,1,5,5
0,0,0,0,8.0 Hidden Object - Withered - Green,,2221,-1,0,0,0,0,0,0,0,0,0,0,0,0,0,0,0,0,0,0,0,0,0,1,1,5,5
0,0,0,0,8.0 Hidden Object - Withered - Yellow,,2222,-1,0,0,0,0,0,0,0,0,0,0,0,0,0,0,0,0,0,0,0,0,0,1,1,5,5
0,0,0,0,Beast - Bee,,2227,-1,0,0,0,0,0,0,0,0,0,0,0,0,0,0,0,0,0,0,0,0,0,1,1,5,5
0,0,0,0,Beast - Wendigo,,2228,-1,0,0,0,0,0,0,0,0,0,0,0,0,0,0,0,0,0,0,0,0,0,1,1,5,5
0,0,0,0,"PLAYER, Void Elf",,2229,-1,0,0,0,0,0,0,0,0,0,0,0,0,0,0,0,0,0,0,0,0,0,1,1,5,5
0,0,0,0,"PLAYER, Highmountain Tauren",,2230,-1,0,0,0,0,0,0,0,0,0,0,0,0,0,0,0,0,0,0,0,0,0,1,1,5,5
0,0,0,0,"PLAYER, Nightborne",,2231,-1,0,0,0,0,0,0,0,0,0,0,0,0,0,0,0,0,0,0,0,0,0,1,1,5,5
0,0,0,0,"PLAYER, Lightforged Draenei",,2232,-1,0,0,0,0,0,0,0,0,0,0,0,0,0,0,0,0,0,0,0,0,0,1,1,5,5
-1,0,0,0,Dino Training - Pterrodax,,2233,282,2104,0,213,0,0,-1,0,0,0,4,0,0,0,0,0,0,0,42000,0,0,0,0,0,0,0
0,0,0,0,Wendigo,,2258,-1,0,0,0,0,0,0,0,0,0,0,0,0,0,0,0,0,0,0,0,0,0,0,0,0,0
0,0,0,0,Bees,,2259,-1,0,0,0,0,0,0,0,0,0,0,0,0,0,0,0,0,0,0,0,0,0,0,0,0,0
6130900294268439629,-6184943489809468494,0,0,Kul Tiras - Drustvar,The island nation of Kul Tiras is home to Azeroth's finest sailors.,2264,285,2161,0,0,0,0,0,0,0,0,20,6,0,0,0,-42000,0,0,42000,-42000,0,0,1,0,7,0
6130900294268439629,-6184943489809468494,0,0,Kul Tiras - Stormsong,The island nation of Kul Tiras is home to Azeroth's finest sailors.,2265,286,2162,0,0,0,0,0,0,0,0,20,6,0,0,0,-42000,0,0,42000,-42000,0,0,1,0,7,0
-1,0,0,0,Dino Training - Direhorn,,2370,288,2104,0,315,0,0,-1,0,0,0,4,0,0,0,0,0,0,0,42000,0,0,0,0,0,0,0
6130900294268439629,0,0,0,Bizmo's Brawlpub,A group of battle-hungry fighters has gathered creatures from far and wide to participate in bloody arena deathmatches with heroes of the Alliance.,2371,289,891,0,43,0,0,0,0,0,0,16,0,0,0,0,0,0,0,7000,0,0,0,1,1,0,0
-6184943489809468494,0,0,0,Brawl'gar Arena,Creatures have been gathered from far and wide to participate in bloody arena deathmatches with heroes of the Horde.,2372,290,892,0,28,0,0,0,0,0,0,16,0,0,0,0,0,0,0,7000,0,0,0,1,1,0,0
-6184943489809468494,6130900294268439629,0,0,The Unshackled,"Oppressed by the Naga, these refugees have banded together to rise up and seize their freedom.",2373,291,2104,0,0,0,2374,-1,0,0,0,16,20,0,0,0,0,0,0,42000,0,0,0,0,0,0,0
-6184943489809468494,6130900294268439629,0,0,The Unshackled (Paragon),"Oppressed by the Naga, these refugees have banded together to rise up and seize their freedom.",2374,292,2104,0,0,0,0,-1,0,0,0,16,20,0,0,0,0,0,0,42000,0,0,0,0,0,0,0
6130900294268439629,0,0,0,Hunter Akana,Hunter Akana is an experienced hunter with excellent survival skills.,2375,293,2104,0,316,0,0,-1,0,0,0,4,0,0,0,0,0,0,0,42000,0,0,0,0,0,0,0
6130900294268439629,0,0,0,Farseer Ori,Farseer Ori is a wise and formidable shaman with the power to command the elements.,2376,294,2104,0,317,0,0,-1,0,0,0,4,0,0,0,0,0,0,0,42000,0,0,0,0,0,0,0
6130900294268439629,0,0,0,Bladesman Inowari,Bladesman Inowari is a veteran warrior who commands the respect of the Ankoan people.,2377,295,2104,0,318,0,0,-1,0,0,0,4,0,0,0,0,0,0,0,42000,0,0,0,0,0,0,0
-6184943489809468494,6130900294268439629,0,0,Zandalari Empire (Paragon),"The oldest empire of Azeroth, the Zandalari are powerful trolls who bargain with fearsome loa and whose navy is unmatched on the Great Sea.",2378,296,2104,0,0,0,0,0,0,0,0,16,6,0,0,0,-42000,0,0,42000,-42000,0,0,0,0,0,0
6130900294268439629,-6184943489809468494,0,0,Proudmoore Admiralty (Paragon),"Masters of the sea and commanders of Azeroth's finest navy, the distinguished Proudmoore family has led Kul Tiras for decades from their seat of power in Boralus.",2379,297,2104,0,0,0,0,0,0,0,0,16,2,0,0,0,-42000,0,0,42000,-42000,0,0,0,0,0,0
-6184943489809468494,6130900294268439629,0,0,Talanji's Expedition (Paragon),Princess Talanji and her allies fight to protect Zandalar from the onslaught of the Blood Trolls.,2380,298,2104,0,0,0,0,0,0,0,0,16,2,0,0,0,-42000,0,0,42000,-42000,0,0,0,0,0,0
6130900294268439629,-6184943489809468494,0,0,Storm's Wake (Paragon),"Home to farmers, craftsmen, soldiers, and the mysterious tidesages, the Storm's Wake seeks to reclaim Stormsong Valley and affirm their place in Kul Tiras.",2381,299,2104,0,0,0,0,0,0,0,0,16,2,0,0,0,-42000,0,0,42000,-42000,0,0,0,0,0,0
-6184943489809468494,6130900294268439629,0,0,Voldunai (Paragon),"Comprised of exiles and scavengers, the Voldunai use their knowledge of the sands to thrive where others would wither and die.",2382,300,2104,0,0,0,0,0,0,0,0,16,20,0,0,0,-3000,0,0,42000,-3000,0,0,0,0,0,0
6130900294268439629,-6184943489809468494,0,0,Order of Embers (Paragon),"An ancient Kul Tiran order resurrected to battle the threat of witchcraft, the Order of Embers fights with knowledge guiding their blades.",2383,301,2104,0,0,0,0,0,0,0,0,16,2,0,0,0,-42000,0,0,42000,-42000,0,0,0,0,0,0
6130900294268439629,-6184943489809468494,0,0,7th Legion (Paragon),"A elite special force delegation of the Alliance army, currently focused on disrupting Horde operations in Zandalar.",2384,302,2104,0,0,0,0,0,0,0,0,16,2,0,0,0,-42000,0,0,42000,-42000,0,0,0,0,0,0
-6184943489809468494,6130900294268439629,0,0,The Honorbound (Paragon),"A special delegation of the Horde army, focused on disrupting Alliance operations in Kul Tiras.",2385,303,2104,0,0,0,0,0,0,0,0,16,2,0,0,0,-42000,0,0,42000,-42000,0,0,0,0,0,0
-1,0,0,0,Champions of Azeroth (Paragon),"Enlisted by Magni Bronzebeard, the Champions of Azeroth seek to heal the wounds caused by Sargeras' burning blade and save a dying world.",2386,304,2104,0,0,0,0,0,0,0,0,16,0,0,0,0,0,0,0,42000,0,0,0,0,0,0,0
-1,0,0,0,Tortollan Seekers (Paragon),"Traversing the world, the Tortollan Seekers wield their immense wealth to catalogue and preserve forbidden knowledge.",2387,305,2104,0,0,0,0,0,0,0,0,16,0,0,0,0,0,0,0,42000,0,0,0,0,0,0,0
-6184943489809468494,0,0,0,Poen Gillbrack,Horde Faction 1,2388,306,2104,0,323,0,0,-1,0,0,0,4,0,0,0,0,0,0,0,42000,0,0,0,0,0,0,0
-6184943489809468494,0,0,0,Neri Sharpfin,Horde Faction 2,2389,307,2104,0,320,0,0,-1,0,0,0,4,0,0,0,0,0,0,0,42000,0,0,0,0,0,0,0
-6184943489809468494,0,0,0,Vim Brineheart,Horde Faction 3,2390,308,2104,0,324,0,0,-1,0,0,0,4,0,0,0,0,0,0,0,42000,0,0,0,0,0,0,0
4288692223,16384,0,0,Rustbolt Resistance,The Rustbolt Resistance holds the line against King Mechagon and his evil plans.,2391,309,2104,0,0,0,2392,0,0,0,0,16,17,0,0,0,9000,0,0,42000,42000,0,0,0,0,0,0
-1,0,0,0,Rustbolt Resistance (Paragon),The Rustbolt Resistance holds the line against King Mechagon and his evil plans.,2392,310,2104,0,0,0,0,0,0,0,0,16,0,0,0,0,0,0,0,42000,0,0,0,0,0,0,0
0,0,0,0,Hermit Crabs,,2394,-1,0,0,0,0,0,0,0,0,0,0,0,0,0,0,0,0,0,0,0,0,0,0,0,0,0
6130900294268439629,-6184943489809468494,0,0,Honeyback Hive,"A species of bee known for their unusual size. While newcomers to Stormsong Valley, they quickly made their presence known to adventurers and insect enthusiasts alike.",2395,312,2104,0,0,0,0,-1,-1,0,0,16,20,0,0,0,0,0,0,42000,42000,0,0,1,1,0,0
-1,0,0,0,Honeyback Drone,,2396,313,0,0,326,0,0,-1,0,0,0,20,0,0,0,0,0,0,0,42000,0,0,0,1,1,0,0
-1,0,0,0,Honeyback Hivemother,,2397,314,0,0,327,0,0,-1,0,0,0,20,0,0,0,0,0,0,0,42000,0,0,0,1,1,0,0
-1,0,0,0,Honeyback Harvester,,2398,315,0,0,325,0,0,-1,0,0,0,20,0,0,0,0,0,0,0,42000,0,0,0,1,1,0,0
6130900294268439629,-6184943489809468494,0,0,Waveblade Ankoan,"An ancient species of deep sea warriors, the Waveblade Ankoan traverse the deepest and most dangerous parts of the ocean.",2400,317,2104,0,0,0,2401,-1,0,0,0,16,20,0,0,0,0,0,0,42000,0,0,0,0,0,0,0
6130900294268439629,-6184943489809468494,0,0,Waveblade Ankoan (Paragon),"An ancient species of deep sea warriors, the Waveblade Ankoan traverse the deepest and most dangerous parts of the ocean.",2401,318,2104,0,0,0,0,-1,0,0,0,16,20,0,0,0,0,0,0,42000,0,0,0,0,0,0,0
-1,0,0,0,Rajani,"A group of mogu loyal to the titan keeper Ra, they are charged with defending the Engine of Nalak'sha from N'Zoth's minions.",2415,323,2104,0,0,0,2416,0,0,0,0,16,0,0,0,0,0,0,0,42000,0,0,0,0,0,0,0
-1,0,0,0,Rajani (Paragon),"A group of mogu loyal to the titan keeper Ra, they are charged with defending the Engine of Nalak'sha from N'Zoth's minions.",2416,324,2104,0,0,0,0,0,0,0,0,16,0,0,0,0,0,0,0,42000,0,0,0,0,0,0,0
-1,0,0,0,Uldum Accord,"A loose coalition of allies headed by the Tol'vir, the Uldum Accord was founded to protect the Forge of Origination from enemy forces.",2417,325,2104,0,0,0,2418,0,0,0,0,16,0,0,0,0,0,0,0,42000,0,0,0,0,0,0,0
-1,0,0,0,Uldum Accord (Paragon),"A loose coalition of allies headed by the Tol'vir, the Uldum Accord was founded to protect the Forge of Origination from enemy forces.",2418,326,2104,0,0,0,0,0,0,0,0,16,0,0,0,0,0,0,0,42000,0,0,0,0,0,0,0
0,0,0,0,Nzoth,,2419,-1,0,0,0,0,0,0,0,0,0,0,0,0,0,0,0,0,0,0,0,0,0,0,0,0,0
-1,0,0,0,Aqir Hatchling,,2427,329,2104,0,365,0,0,-1,0,0,0,4,0,0,0,0,0,0,0,42000,0,0,0,0,0,0,0
2969585664,1308635136,0,0,Owen Test,,2431,330,0,0,0,0,0,0,0,0,0,0,0,0,0,0,0,0,0,0,0,0,0,0,0,0,0
